tf,target,score,asi,class1_pass,distance_mb,class2_pass,topo_q,topo_excess,class3_pass,passes_all
TF000,TG000,0.7756966211802395,0.00010011354068924616,True,40.575935,True,1.0,-9.769962616701378e-15,False,False
TF000,TG003,0.7180012407270951,0.0035554017147870986,True,,True,1.0,-1.021405182655144e-14,False,False
TF000,TG006,0.6824121402905835,6.181397950623879e-05,True,,True,1.0,2.9976021664879227e-15,True,True
TF000,TG007,0.6451950268467399,0.0001733661326249533,True,,True,1.0,-7.882583474838611e-15,False,False
TF000,TG011,0.47106584602217927,0.0005798917629821981,True,,True,1.0,4.9960036108132044e-15,True,True
TF000,TG015,0.3921269280521987,0.004854861845018215,True,,True,1.0,-7.382983113757291e-15,False,False
TF000,TG016,0.8776636464620444,0.00016729608352003355,True,,True,1.0,1.5654144647214707e-14,True,True
TF000,TG017,0.7094555702665432,0.00016836180629267998,True,,True,1.0,2.3314683517128287e-15,True,True
TF000,TG019,0.704883821762027,0.00024027007507649816,True,,True,1.0,3.3306690738754696e-16,True,True
TF000,TG021,0.6850106419997234,0.00012911012382311657,True,,True,1.0,-1.1102230246251565e-15,False,False
TF000,TG025,0.7146549124614442,8.630046911589905e-05,True,24.343007,True,1.0,-1.0103029524088925e-14,False,False
TF000,TG027,0.6851202877271173,0.0003071970610383512,True,,True,1.0,2.3314683517128287e-15,True,True
TF000,TG028,0.6443519239118818,0.000334438607351802,True,,True,1.0,-3.3306690738754696e-16,False,False
TF000,TG029,0.7089755673861421,0.014084724872923943,True,34.872508,True,1.0,1.2878587085651816e-14,True,True
TF000,TG032,0.6916607583388134,6.659932507466699e-05,True,,True,1.0,8.992806499463768e-15,True,True
TF000,TG034,0.7663236834754584,0.006607909672651521,True,,True,1.0,1.0325074129013956e-14,True,True
TF000,TG035,0.5846438487259132,0.0003816218258584147,True,,True,1.0,-1.1546319456101628e-14,False,False
TF000,TG039,0.6863681057059242,0.001380297925067144,True,,True,1.0,2.220446049250313e-16,True,True
TF000,TG041,0.6231878703836399,0.0011381085135249915,True,,True,1.0,1.3211653993039363e-14,True,True
TF000,TG042,0.6643698627591832,0.0006174377505455583,True,,True,1.0,-4.9960036108132044e-15,False,False
TF000,TG043,0.5212137601547744,0.00045249339635240553,True,,True,1.0,8.548717289613705e-15,True,True
TF000,TG046,0.7415217840628274,6.483801091754031e-05,True,,True,1.0,8.548717289613705e-15,True,True
TF000,TG047,0.560857047430451,0.0005878806100496547,True,,True,1.0,9.769962616701378e-15,True,True
TF000,TG050,0.5730800633617353,0.000442937673834093,True,,True,1.0,8.659739592076221e-15,True,True
TF000,TG051,0.7448660098210941,0.0003775561376237647,True,,True,1.0,1.9761969838327786e-14,True,True
TF000,TG052,0.5836714381439259,0.0006345886798688378,True,,True,1.0,-8.881784197001252e-15,False,False
TF000,TG054,0.7093525162719458,3.658019905479164e-05,True,,True,1.0,1.1324274851176597e-14,True,True
TF000,TG055,0.4863168688751672,0.0007868401807028195,True,,True,1.0,-8.215650382226158e-15,False,False
TF000,TG056,0.8527462367073484,0.0002228356577762433,True,,True,1.0,-9.2148511043888e-15,False,False
TF000,TG060,0.8663508724590937,0.0034281076533184142,True,,True,1.0,1.354472090042691e-14,True,True
TF000,TG061,0.8636798400712636,0.00041131410785158126,True,,True,1.0,-3.1086244689504383e-15,False,False
TF000,TG062,0.6008159149584846,0.0003329030437911352,True,,True,1.0,-5.995204332975845e-15,False,False
TF000,TG063,0.6282978454818569,0.0013232069298206833,True,,True,1.0,1.1102230246251565e-16,True,True
TF000,TG066,0.6846318888411194,0.0007452848129133295,True,,True,1.0,2.55351295663786e-15,True,True
TF000,TG069,0.5976880754965469,7.584362453578785e-06,True,,True,1.0,9.43689570931383e-15,True,True
TF000,TG070,0.8040758953327198,0.00019969272114230154,True,,True,1.0,-1.4654943925052066e-14,False,False
TF000,TG071,0.7507524002603203,0.00047085354821080886,True,,True,1.0,-2.6645352591003757e-15,False,False
TF000,TG074,0.3720969071811473,0.00015938992822407544,True,,True,1.0,-8.881784197001252e-16,False,False
TF000,TG079,0.5453814035030312,0.0008907553802022003,True,,True,1.0,1.887379141862766e-15,True,True
TF000,TG080,0.9162401403221141,3.50150027445135e-05,True,,True,1.0,1.84297022087776e-14,True,True
TF000,TG082,0.6491766817165444,0.01122178531196458,True,,True,1.0,4.107825191113079e-15,True,True
TF000,TG083,0.9376656174246485,0.00017870936717390357,True,,True,1.0,3.3306690738754696e-16,True,True
TF000,TG089,0.37902822810066267,0.0007218923663931392,True,,True,1.0,7.271960811294775e-15,True,True
TF000,TG090,0.6912108767270382,0.0003862165207341159,True,,True,1.0,-2.6645352591003757e-15,False,False
TF000,TG091,0.7812012138228646,5.968900454453158e-05,True,,True,1.0,1.0880185641326534e-14,True,True
TF000,TG094,0.6592695091757532,0.0005640627055404822,True,,True,1.0,-1.4432899320127035e-15,False,False
TF000,TG097,0.7365182214940265,0.0004876152624563368,True,2.654488,True,1.0,-9.103828801926284e-15,False,False
TF001,TG005,0.40289500401862893,0.0059377784160798966,True,,True,1.0,7.993605777301127e-15,True,True
TF001,TG008,0.693484132486616,0.00039746858724751445,True,47.300819,True,1.0,1.176836406102666e-14,True,True
TF001,TG012,0.2109128659614439,0.001530291256390076,True,,True,1.0,-2.0816681711721685e-15,False,False
TF001,TG013,0.8784695986938946,0.00011327189190768759,True,,True,1.0,1.587618925213974e-14,True,True
TF001,TG014,0.4811475154669546,0.00014288598832866054,True,,True,1.0,7.327471962526033e-15,True,True
TF001,TG015,0.2962712109009099,0.000737389699256114,True,,True,1.0,7.494005416219807e-15,True,True
TF001,TG016,0.7616722728261585,8.806794061586106e-05,True,,True,1.0,1.7985612998927536e-14,True,True
TF001,TG018,0.8121624546483481,0.00019936063121209414,True,,True,1.0,-1.3211653993039363e-14,False,False
TF001,TG019,0.5724268753758585,2.24398034223134e-05,True,,True,1.0,-6.994405055138486e-15,False,False
TF001,TG020,0.801640756173379,0.00015024450506021783,True,,True,1.0,1.2545520178264269e-14,True,True
TF001,TG021,0.591938536206305,0.0001282929341183011,True,,True,1.0,-2.886579864025407e-15,False,False
TF001,TG026,0.4726402889689769,0.00022407148187329921,True,13.345896,True,1.0,-2.9976021664879227e-15,False,False
TF001,TG028,0.5173863625743516,0.006638788826772401,True,,True,1.0,-8.215650382226158e-15,False,False
TF001,TG030,0.527774898820564,0.00033268627984167046,True,,True,1.0,7.771561172376096e-15,True,True
TF001,TG031,0.3978225161859683,0.0008735310796457311,True,,True,1.0,9.880984919163893e-15,True,True
TF001,TG033,0.6203793541770122,0.0002187526367607343,True,,True,1.0,-2.4424906541753444e-15,False,False
TF001,TG034,0.6841452888785885,0.00019074811365614534,True,,True,1.0,-5.218048215738236e-15,False,False
TF001,TG035,0.4966597330123642,0.0002474545245774331,True,,True,1.0,2.3314683517128287e-15,True,True
TF001,TG036,0.7496013149054321,0.00044944608850314355,True,,True,1.0,-7.993605777301127e-15,False,False
TF001,TG037,0.5866501342253118,0.0007092413212871482,True,,True,1.0,4.3298697960381105e-15,True,True
TF001,TG039,0.5288601175578149,0.0005740972308212607,True,,True,1.0,1.1213252548714081e-14,True,True
TF001,TG042,0.5610274969157217,4.0685703130724855e-05,True,,True,1.0,5.440092820663267e-15,True,True
TF001,TG044,0.6814787797847686,0.0007622528561917487,True,77.317378,True,1.0,-5.440092820663267e-15,False,False
TF001,TG045,0.7220547956564909,0.0002712655604821393,True,,True,1.0,-1.0880185641326534e-14,False,False
TF001,TG046,0.6197918063886431,0.00042638840441474435,True,,True,1.0,-1.1879386363489175e-14,False,False
TF001,TG047,0.4490410132098974,0.00102395948234462,True,,True,1.0,-1.0103029524088925e-14,False,False
TF001,TG052,0.49214374198640976,0.0004337235618540856,True,,True,1.0,-7.216449660063518e-16,False,False
TF001,TG054,0.636239414120434,0.0004876214329893309,True,,True,1.0,1.63202784619898e-14,True,True
TF001,TG059,0.782872333505566,0.003209356810768675,True,,True,1.0,2.220446049250313e-16,True,True
TF001,TG062,0.5577437150234857,0.002302835407803703,True,,True,1.0,-4.6629367034256575e-15,False,False
TF001,TG063,0.5689628842302316,0.0001776638579318606,True,,True,1.0,-1.1102230246251565e-14,False,False
TF001,TG064,0.6963040991079219,8.337734630067943e-05,True,55.056456,True,1.0,1.9984014443252818e-15,True,True
TF001,TG065,0.5862973745346645,0.00043692622783430147,True,,True,1.0,1.432187701766452e-14,True,True
TF001,TG066,0.606228064155841,0.011735551929706827,True,,True,1.0,-6.328271240363392e-15,False,False
TF001,TG069,0.4897773757643887,0.000643851019625861,True,,True,1.0,6.38378239159465e-15,True,True
TF001,TG070,0.7087104720421071,7.659661394416899e-05,True,,True,1.0,3.6637359812630166e-15,True,True
TF001,TG075,0.5771055280847328,0.0012882045359713372,True,,True,1.0,-1.5432100042289676e-14,False,False
TF001,TG077,0.7259055047781553,0.0003360738941201738,True,,True,1.0,-2.042810365310288e-14,False,False
TF001,TG079,0.426304735770325,0.00019923015107722693,True,,True,1.0,5.88418203051333e-15,True,True
TF001,TG080,0.8190447979417782,0.012270915922964632,True,,True,1.0,2.0761170560490427e-14,True,True
TF001,TG081,0.6076691409748118,0.0002440012751486701,True,75.273234,True,1.0,1.3322676295501878e-15,True,True
TF001,TG082,0.5723294365851513,1.3736317463817143e-05,True,,True,1.0,-1.0880185641326534e-14,False,False
TF001,TG086,0.6569975776619073,8.391859349875164e-05,True,,True,1.0,5.551115123125783e-15,True,True
TF001,TG087,0.6981429349829381,0.0006383079268996609,True,,True,1.0,1.432187701766452e-14,True,True
TF001,TG089,0.39568960504287326,0.012029962225209693,True,,True,1.0,-3.774758283725532e-15,False,False
TF001,TG090,0.6056829046958431,0.0004978085360023547,True,,True,1.0,-1.5654144647214707e-14,False,False
TF001,TG091,0.6909179002199507,1.8588325930267488e-05,True,,True,1.0,-7.549516567451064e-15,False,False
TF001,TG092,0.6929130613058067,8.770482181618494e-05,True,,True,1.0,-1.5765166949677223e-14,False,False
TF001,TG093,0.6269449213461893,0.0004758770489098638,True,91.376321,True,1.0,-4.107825191113079e-15,False,False
TF001,TG096,0.6286324100336766,8.620424620453388e-05,True,,True,1.0,2.220446049250313e-15,True,True
TF002,TG002,0.3336210790111077,0.00034254205358273513,True,,True,1.0,6.994405055138486e-15,True,True
TF002,TG004,0.3596746992528847,0.00017971298589398353,True,,True,1.0,5.88418203051333e-15,True,True
TF002,TG006,0.41542878939581074,0.0010914258704822627,True,,True,1.0,-3.7192471324942744e-15,False,False
TF002,TG007,0.37153856611399705,0.00014278293423265135,True,,True,1.0,-4.996003610813204e-16,False,False
TF002,TG012,0.07661650300474515,0.0019345809450350149,True,,True,1.0,-2.3592239273284576e-16,False,False
TF002,TG015,0.17331191305715754,0.00276935739239533,True,,True,1.0,2.525757381022231e-15,True,True
TF002,TG017,0.43442709554395964,0.00010229945344959815,True,48.260493,True,1.0,5.162537064506978e-15,True,True
TF002,TG020,0.6355788733336596,0.00048183332900367514,True,,True,1.0,2.55351295663786e-15,True,True
TF002,TG021,0.46531854131154005,0.00022127657944342,True,,True,1.0,-5.6066262743570405e-15,False,False
TF002,TG023,0.5034533689482109,0.0002835009080833728,True,,True,1.0,2.6645352591003757e-15,True,True
TF002,TG025,0.42424288394200593,0.0009501788813065478,True,,True,1.0,6.106226635438361e-16,True,True
TF002,TG026,0.3452902126289852,0.0011264287214288087,True,,True,1.0,2.942091015256665e-15,True,True
TF002,TG030,0.35479383070238724,0.001391444842362402,True,,True,1.0,5.6066262743570405e-15,True,True
TF002,TG031,0.2500924243684813,0.0016101816227119567,True,,True,1.0,-2.4980018054066022e-15,False,False
TF002,TG033,0.48573465315350556,0.0005100155481239649,True,,True,1.0,6.38378239159465e-15,True,True
TF002,TG036,0.5960337942772046,6.87981950699238e-05,True,,True,1.0,-1.0880185641326534e-14,False,False
TF002,TG037,0.3996791049105925,0.0001481071759582705,True,,True,1.0,-5.162537064506978e-15,False,False
TF002,TG038,0.13283347575586751,0.0034411957228209647,True,0.40624,False,1.0,-1.8596235662471372e-15,False,False
TF002,TG040,0.6598623934129607,0.00026993619376959095,True,,True,1.0,1.63202784619898e-14,True,True
TF002,TG041,0.4193176745297756,0.008837800436262762,True,,True,1.0,-6.827871601444713e-15,False,False
TF002,TG044,0.5334273957282566,4.109155831707509e-05,True,,True,1.0,-7.882583474838611e-15,False,False
TF002,TG045,0.5977127108833586,0.014773285765833092,True,3.348503,True,1.0,6.8833827526759706e-15,True,True
TF002,TG046,0.5029654843142733,0.0004577274577283761,True,76.949019,True,1.0,1.8096635301390052e-14,True,True
TF002,TG047,0.27781733829586613,0.0009538200070694222,True,,True,1.0,-3.885780586188048e-16,False,False
TF002,TG048,0.6584793197445376,0.0006464316333674753,True,,True,1.0,1.2878587085651816e-14,True,True
TF002,TG051,0.48593430800747967,8.484185496000298e-05,True,,True,1.0,5.2735593669694936e-15,True,True
TF002,TG053,0.298587232037011,0.00012815046912550678,True,19.02195,True,1.0,-3.774758283725532e-15,False,False
TF002,TG054,0.49258902077297856,0.0010052192919707357,True,72.151638,True,1.0,5.6066262743570405e-15,True,True
TF002,TG055,0.2584042728067274,0.00018774592281606525,True,,True,1.0,-1.3322676295501878e-15,False,False
TF002,TG058,0.24366313438108353,0.007921072040269596,True,,True,1.0,2.609024107869118e-15,True,True
TF002,TG063,0.3960894982263911,0.0014196436051335537,True,,True,1.0,2.7755575615628914e-15,True,True
TF002,TG067,0.44453936075302486,0.00555352510194849,True,,True,1.0,-1.3877787807814457e-15,False,False
TF002,TG069,0.3596861542559468,0.000515091798516272,True,,True,1.0,4.052314039881821e-15,True,True
TF002,TG071,0.5043988265399034,0.00010616724245863076,True,,True,1.0,4.107825191113079e-15,True,True
TF002,TG073,0.654619750153276,7.990755740254517e-05,True,,True,1.0,-1.4876988529977098e-14,False,False
TF002,TG075,0.4198878242995263,0.0009064827746066685,True,74.805671,True,1.0,7.771561172376096e-15,True,True
TF002,TG078,0.4545330048360425,0.0007260180447713454,True,,True,1.0,4.551914400963142e-15,True,True
TF002,TG079,0.280847383051104,0.0003061175623306356,True,,True,1.0,-2.275957200481571e-15,False,False
TF002,TG080,0.6547567192929123,0.00021838593551435885,True,,True,1.0,1.199040866595169e-14,True,True
TF002,TG084,0.3452233607551995,0.0013909085490691586,True,,True,1.0,5.551115123125783e-16,True,True
TF002,TG086,0.4771289296472074,2.7262765638077224e-05,True,,True,1.0,-1.942890293094024e-15,False,False
TF002,TG087,0.5622017200584557,5.479098435821713e-05,True,34.578682,True,1.0,1.7763568394002505e-15,True,True
TF002,TG089,0.13013552207471532,0.00129195621485484,True,,True,1.0,2.6367796834847468e-15,True,True
TF002,TG090,0.4393060210300128,0.004034730873434245,True,,True,1.0,5.6066262743570405e-15,True,True
TF002,TG091,0.541379682107268,0.0006203782230528265,True,,True,1.0,-4.9960036108132044e-15,False,False
TF002,TG092,0.5389739604308568,0.0002651461075477098,True,26.194671,True,1.0,-1.3322676295501878e-15,False,False
TF002,TG095,0.651420926856925,0.00043225215026262824,True,,True,1.0,8.881784197001252e-15,True,True
TF002,TG097,0.5317555471700679,9.921095648894543e-05,True,,True,1.0,3.3306690738754696e-15,True,True
TF002,TG099,0.32300608525347974,0.00036524607441630684,True,,True,1.0,2.220446049250313e-16,True,True
TF003,TG000,0.36189120414773807,0.0002952389859008033,True,46.355444,True,1.0,3.552713678800501e-15,True,True
TF003,TG004,0.24535707368100296,0.0006710215075250094,True,,True,1.0,-1.3877787807814457e-16,True,True
TF003,TG006,0.29853421747539277,0.0002991505494755672,True,,True,1.0,-5.6066262743570405e-15,False,False
TF003,TG007,0.2529464470370603,0.0007451714703808655,True,,True,1.0,-8.326672684688674e-16,False,False
TF003,TG008,0.4011556509866012,8.021366985753968e-05,True,16.516761,True,1.0,4.496403249731884e-15,True,True
TF003,TG011,0.10445862426679398,0.0016201852173537833,True,,True,1.0,-2.3314683517128287e-15,False,False
TF003,TG013,0.5374931098155884,0.010345310978156889,True,,True,1.0,-8.992806499463768e-15,False,False
TF003,TG021,0.3273022431070098,0.0012368160905660086,True,,True,1.0,5.551115123125783e-15,True,True
TF003,TG023,0.3494387235219906,0.0007098022137280237,True,3.411176,True,1.0,4.773959005888173e-15,True,True
TF003,TG026,0.18305529064243303,6.654193177554398e-05,True,17.438162,True,1.0,-3.1363800445660672e-15,False,False
TF003,TG027,0.3210558628812065,0.00021388787093739467,True,,True,1.0,4.496403249731884e-15,True,True
TF003,TG028,0.2751365486658241,0.0007664237053902456,True,,True,1.0,3.6637359812630166e-15,True,True
TF003,TG029,0.24955974267229347,0.0003149512075275465,True,40.652017,True,1.0,2.55351295663786e-15,True,True
TF003,TG031,0.08509035924810206,0.00034557808204565014,True,,True,1.0,1.790234627208065e-15,True,True
TF003,TG032,0.2884954409076203,0.0011129858873220322,True,,True,1.0,-3.6637359812630166e-15,False,False
TF003,TG034,0.6564245160516377,0.00681394218664795,True,,True,1.0,5.440092820663267e-15,True,True
TF003,TG035,0.19470371209029805,0.0003787508275777821,True,,True,1.0,-2.609024107869118e-15,False,False
TF003,TG036,0.4782403361797125,0.0002075179476244628,True,,True,1.0,-9.769962616701378e-15,False,False
TF003,TG037,0.26348860497640875,0.0014544208137728628,True,,True,1.0,4.107825191113079e-15,True,True
TF003,TG040,0.5465429065613909,0.004048528140191932,True,,True,1.0,-6.106226635438361e-15,False,False
TF003,TG041,0.2578707426763922,7.972182235986971e-05,True,,True,1.0,-5.662137425588298e-15,False,False
TF003,TG042,0.2803043684499039,0.0006165208275393498,True,,True,1.0,4.718447854656915e-15,True,True
TF003,TG043,0.1519388625964758,0.000956605348738905,True,,True,1.0,-1.3877787807814457e-15,False,False
TF003,TG044,0.39868673374791463,0.00012659998904125514,True,46.53332,True,1.0,-4.3298697960381105e-15,False,False
TF003,TG046,0.3736684487621132,0.00013126231394646812,True,,True,1.0,1.0158540675320182e-14,True,True
TF003,TG047,0.1663684947135747,0.00020050949856519773,True,,True,1.0,5.828670879282072e-16,True,True
TF003,TG049,0.3281893114713982,0.00014294423647040195,True,,True,1.0,8.326672684688674e-16,True,True
TF003,TG051,0.36168117624005813,0.0004534085000494988,True,,True,1.0,5.773159728050814e-15,True,True
TF003,TG052,0.20377824198145653,0.0004980837593155962,True,,True,1.0,-2.6645352591003757e-15,False,False
TF003,TG054,0.3481763685270933,0.0008433843366539749,True,,True,1.0,-8.548717289613705e-15,False,False
TF003,TG056,0.5042570729879537,0.0005563655114471965,True,,True,1.0,-2.4424906541753444e-15,False,False
TF003,TG059,0.34418419635597564,0.00032454784832155694,True,,True,1.0,3.83026943495679e-15,True,True
TF003,TG064,0.41762544279794933,0.0004694595862430893,True,24.272398,True,1.0,4.440892098500626e-15,True,True
TF003,TG065,0.3172301970024077,0.0016827291546690315,True,,True,1.0,3.9968028886505635e-15,True,True
TF003,TG067,0.3978553692788579,0.00016833611710658996,True,,True,1.0,9.547918011776346e-15,True,True
TF003,TG068,0.5896493573256927,0.0068896045054136915,True,,True,1.0,-4.107825191113079e-15,False,False
TF003,TG071,0.3695669929327326,0.0007798894832801238,True,,True,1.0,2.220446049250313e-16,True,True
TF003,TG079,0.14318690264086803,0.00019894596177765392,True,,True,1.0,6.938893903907228e-16,True,True
TF003,TG081,0.27557855028173606,0.001035270776449785,True,44.489176,True,1.0,-7.771561172376096e-15,False,False
TF003,TG083,0.5517600632480945,7.810238381737855e-05,True,,True,1.0,-5.773159728050814e-15,False,False
TF003,TG088,0.29174110397697445,0.0007332719576805487,True,,True,1.0,7.382983113757291e-15,True,True
TF003,TG089,0.0035943854031967883,0.07687035172641342,True,,True,1.0,-1.0321604682062002e-16,True,True
TF003,TG092,0.4023960663551685,0.00011333675198541946,True,,True,1.0,4.884981308350689e-15,True,True
TF003,TG093,0.32530634853688123,0.00048501251248962956,True,60.592263,True,1.0,6.938893903907228e-15,True,True
TF003,TG095,0.5008181783113766,0.0005141298433601199,True,12.043493,True,1.0,1.021405182655144e-14,True,True
TF003,TG096,0.3506064006242225,0.0011536492156094843,True,,True,1.0,5.2735593669694936e-15,True,True
TF003,TG097,0.36802736017015325,0.001336171061979561,True,3.125021,True,1.0,-5.828670879282072e-15,False,False
TF003,TG098,0.27506188302155604,0.00022631793063319664,True,,True,1.0,3.941291737419306e-15,True,True
TF004,TG000,0.6947472983162782,0.000587727708937857,True,16.883407,True,1.0,3.4416913763379853e-15,True,True
TF004,TG001,0.6268922266307898,0.00019371602311813108,True,20.847591,True,1.0,2.7755575615628914e-15,True,True
TF004,TG002,0.5167699572833471,0.00013812578610064612,True,,True,1.0,-1.1546319456101628e-14,False,False
TF004,TG003,0.7229677379021844,0.000418274210933799,True,,True,1.0,-7.105427357601002e-15,False,False
TF004,TG005,0.5749427432099488,0.00046675763029421763,True,,True,1.0,7.882583474838611e-15,True,True
TF004,TG006,0.48676220345083615,0.014569595734933948,True,,True,1.0,-9.992007221626409e-16,False,False
TF004,TG007,0.7129450534648627,0.0008380476401048365,True,,True,1.0,-1.2212453270876722e-15,False,False
TF004,TG012,0.2377740670234642,0.002779820178966685,True,,True,1.0,-1.3600232051658168e-15,False,False
TF004,TG013,0.9156436777192126,1.8107636498278655e-05,True,,True,1.0,-1.0436096431476471e-14,False,False
TF004,TG014,0.5185068311693797,6.401781438931248e-05,True,,True,1.0,7.549516567451064e-15,True,True
TF004,TG016,0.8106923704627856,0.00011823168584808266,True,,True,1.0,-2.9976021664879227e-15,False,False
TF004,TG018,0.8437395162633107,0.0002369324424235538,True,,True,1.0,-9.880984919163893e-15,False,False
TF004,TG019,0.6504596432488967,0.00017130515660578632,True,,True,1.0,-9.2148511043888e-15,False,False
TF004,TG029,0.5723962116668438,7.396973218512726e-05,True,22.586834,True,1.0,1.887379141862766e-15,True,True
TF004,TG032,0.626921484767059,7.48758186462535e-05,True,,True,1.0,-1.4099832412739488e-14,False,False
TF004,TG035,0.5477952628081677,0.0013200590851979899,True,,True,1.0,-1.63202784619898e-14,False,False
TF004,TG037,0.6166963739555751,6.398252218539543e-05,True,,True,1.0,8.215650382226158e-15,True,True
TF004,TG038,0.3447288258195356,0.0006882328199586,True,,True,1.0,-1.4988010832439613e-15,False,False
TF004,TG039,0.5181678773334315,0.00036856859216506335,True,,True,1.0,-6.439293542825908e-15,False,False
TF004,TG040,0.8654926824454999,0.00020610195882676634,True,,True,1.0,3.3306690738754696e-15,True,True
TF004,TG041,0.5690446594435766,0.011076022239639273,True,,True,1.0,7.327471962526033e-15,True,True
TF004,TG045,0.769397068537186,0.0006367543194467252,True,,True,1.0,1.687538997430238e-14,True,True
TF004,TG051,0.683526070710143,0.0003291824584733042,True,,True,1.0,-4.884981308350689e-15,False,False
TF004,TG056,0.8077780508229422,0.0002248275682394042,True,,True,1.0,1.2656542480726785e-14,True,True
TF004,TG057,0.465606225829128,0.0004566233449877788,True,,True,1.0,1.7208456881689926e-15,True,True
TF004,TG059,0.6718989578147474,0.0003000689116298566,True,,True,1.0,6.8833827526759706e-15,True,True
TF004,TG065,0.6354112058967796,7.353046804956598e-05,True,,True,1.0,3.4416913763379853e-15,True,True
TF004,TG066,0.6511581636634938,0.0006147477246763675,True,,True,1.0,1.4210854715202004e-14,True,True
TF004,TG067,0.726020575825696,0.00019080377508432072,True,,True,1.0,-1.0103029524088925e-14,False,False
TF004,TG068,0.7844221674693839,0.0001691371897007109,True,,True,1.0,8.881784197001252e-16,True,True
TF004,TG069,0.5323617713007703,0.0007122582738123771,True,,True,1.0,-2.220446049250313e-16,True,True
TF004,TG071,0.6934981099679854,0.0001862609520573009,True,,True,1.0,-1.021405182655144e-14,False,False
TF004,TG073,0.8475832818573508,0.00034857393475122415,True,,True,1.0,-1.2545520178264269e-14,False,False
TF004,TG074,0.316835640125233,0.00032123376948581196,True,,True,1.0,6.217248937900877e-15,True,True
TF004,TG075,0.6129011235584549,0.00031802485823996036,True,,True,1.0,-3.3306690738754696e-15,False,False
TF004,TG076,0.7740153871469315,0.00028825103633648406,True,,True,1.0,4.440892098500626e-16,True,True
TF004,TG077,0.7498545783353197,0.00031066898553911803,True,,True,1.0,2.886579864025407e-15,True,True
TF004,TG079,0.48255449643180837,0.0006168119702014976,True,,True,1.0,-5.662137425588298e-15,False,False
TF004,TG083,0.894871902663624,4.8698504695795125e-05,True,,True,1.0,-3.186340080674199e-14,False,False
TF004,TG085,0.7446874361488235,0.00013735190710155773,True,,True,1.0,2.55351295663786e-15,True,True
TF004,TG087,0.7325540110088076,0.000555265060027713,True,,True,1.0,5.329070518200751e-15,True,True
TF004,TG088,0.643942103979701,0.00018039778005829232,True,,True,1.0,-1.1657341758564144e-14,False,False
TF004,TG089,0.331622011113705,6.147083907616274e-05,True,,True,1.0,-2.3869795029440866e-15,False,False
TF004,TG093,0.6870929902784024,0.0002685912089055764,True,2.646588,True,1.0,-1.0880185641326534e-14,False,False
TF004,TG094,0.6091478555139759,0.00010838907172380769,True,,True,1.0,-5.551115123125783e-16,False,False
TF004,TG095,0.8290475763978369,0.0002962253767712258,True,75.282344,True,1.0,1.8096635301390052e-14,True,True
TF004,TG096,0.6692437377901869,0.00040679007940293646,True,,True,1.0,-6.439293542825908e-15,False,False
TF004,TG097,0.6771566549358037,0.00015261718276967607,True,60.11383,True,1.0,-1.4988010832439613e-14,False,False
TF005,TG004,0.5803400236553223,0.0010994195543464103,True,58.27562,True,1.0,-4.551914400963142e-15,False,False
TF005,TG006,0.6255634513002509,0.00019634404099670735,True,,True,1.0,-8.881784197001252e-16,False,False
TF005,TG009,0.6342819735165716,5.551199723451865e-05,True,,True,1.0,1.5543122344752192e-15,True,True
TF005,TG010,0.6604833977594319,0.0002443243715490401,True,,True,1.0,-3.1086244689504383e-15,False,False
TF005,TG011,0.41600525212925343,0.00018718628845452797,True,,True,1.0,6.106226635438361e-16,True,True
TF005,TG018,0.8640154928292483,0.0006324203386168147,True,,True,1.0,-4.440892098500626e-15,False,False
TF005,TG023,0.6976753065457173,0.00011755409990745498,True,,True,1.0,-3.3306690738754696e-15,False,False
TF005,TG024,0.5099405975994784,0.00032162850384735275,True,,True,1.0,4.218847493575595e-15,True,True
TF005,TG030,0.5461833901763561,0.0001088112971971106,True,,True,1.0,5.88418203051333e-15,True,True
TF005,TG032,0.639638415675969,9.586592250349555e-05,True,,True,1.0,-1.4099832412739488e-14,False,False
TF005,TG033,0.6708861452518894,0.0001448373446498465,True,,True,1.0,6.994405055138486e-15,True,True
TF005,TG034,0.7371512120277611,0.0006960754618549335,True,,True,1.0,5.662137425588298e-15,True,True
TF005,TG035,0.5403976239556003,0.0006569137633462874,True,4.880197,True,1.0,-6.106226635438361e-15,False,False
TF005,TG036,0.7942096601087802,1.9416457445721956e-05,True,,True,1.0,3.1086244689504383e-15,True,True
TF005,TG039,0.5619769016729289,0.00025898202607548004,True,28.099094,True,1.0,6.772360450213455e-15,True,True
TF005,TG040,0.857179703345649,0.00028777503283127127,True,,True,1.0,-1.4432899320127035e-15,False,False
TF005,TG044,0.7241625480991158,5.8952360544949243e-05,True,,True,1.0,-1.1102230246251565e-16,True,True
TF005,TG046,0.693754742704031,0.00010268489851845347,True,,True,1.0,-1.4432899320127035e-14,False,False
TF005,TG048,0.8326065928373608,0.0007914926240843291,True,,True,1.0,7.993605777301127e-15,True,True
TF005,TG050,0.5474277166662841,0.00033886160369640285,True,,True,1.0,5.551115123125783e-15,True,True
TF005,TG055,0.46399151000549693,0.0008333555201381531,True,,True,1.0,8.326672684688674e-15,True,True
TF005,TG058,0.5210399213717896,0.00016700972634237305,True,,True,1.0,3.3306690738754696e-16,True,True
TF005,TG062,0.5587386290988676,0.000579493111980445,True,,True,1.0,7.993605777301127e-15,True,True
TF005,TG063,0.5999996473741591,0.0013736702949187208,True,,True,1.0,8.43769498715119e-15,True,True
TF005,TG064,0.8849922093814329,0.004156478576127856,True,,True,1.0,1.2323475573339238e-14,True,True
TF005,TG066,0.6492637642719772,0.0002147572284161062,True,,True,1.0,1.27675647831893e-14,True,True
TF005,TG067,0.7326199091120593,6.347770540025834e-05,True,,True,1.0,1.6653345369377348e-14,True,True
TF005,TG070,0.7573215787847692,0.000525050604849442,True,,True,1.0,-4.107825191113079e-15,False,False
TF005,TG073,0.8350627098510989,0.00040293604334880204,True,,True,1.0,6.439293542825908e-15,True,True
TF005,TG075,0.6319213560877655,0.0010093290875716823,True,,True,1.0,-1.2545520178264269e-14,False,False
TF005,TG076,0.8273914475783678,0.0003989955166162902,True,,True,1.0,-4.9960036108132044e-15,False,False
TF005,TG077,0.7733035814096265,0.00026324840765826917,True,,True,1.0,-7.216449660063518e-15,False,False
TF005,TG078,0.6693912841944587,0.0008694093614281729,True,,True,1.0,1.021405182655144e-14,True,True
TF005,TG080,0.8288349468045954,0.00023047853388727401,True,,True,1.0,3.9968028886505635e-15,True,True
TF005,TG082,0.6403073200981572,0.0010779014787499904,True,,True,1.0,9.658940314238862e-15,True,True
TF005,TG083,0.8373369511895891,0.008552354552449246,True,,True,1.0,-1.3766765505351941e-14,False,False
TF005,TG090,0.6678732215018321,0.0003688488859813381,True,,True,1.0,-9.769962616701378e-15,False,False
TF005,TG091,0.702498364482539,0.0007326399541529286,True,,True,1.0,-7.549516567451064e-15,False,False
TF005,TG094,0.6644401491372003,0.015316758393256864,True,,True,1.0,5.218048215738236e-15,True,True
TF005,TG096,0.6601734181350076,0.00011663158065509428,True,,True,1.0,-3.6637359812630166e-15,False,False
TF005,TG099,0.5481140993632879,0.0002789710488099011,True,13.612892,True,1.0,1.1435297153639112e-14,True,True
TF006,TG000,0.5515874067977798,0.0010540302278705743,True,,True,1.0,-1.2545520178264269e-14,False,False
TF006,TG003,0.5738588389336582,4.917927637997358e-05,True,,True,1.0,9.992007221626409e-15,True,True
TF006,TG004,0.40989384397476575,7.974801742140536e-06,True,,True,1.0,5.551115123125783e-16,True,True
TF006,TG007,0.4141892966893534,0.0005631990031202051,True,,True,1.0,-3.7192471324942744e-15,False,False
TF006,TG008,0.5593525811534974,0.00023708139644022734,True,,True,1.0,-5.662137425588298e-15,False,False
TF006,TG009,0.5090986825249453,0.00020385002738363114,True,,True,1.0,-4.218847493575595e-15,False,False
TF006,TG013,0.7829163048443177,5.941207542630958e-05,True,,True,1.0,-2.6645352591003757e-15,False,False
TF006,TG014,0.348446648839567,0.0001854187947480432,True,,True,1.0,-2.3314683517128287e-15,False,False
TF006,TG015,0.18236397862498527,0.002700350978848657,True,,True,1.0,2.220446049250313e-15,True,True
TF006,TG022,0.6578182669042602,0.0002047512497506391,True,,True,1.0,-4.440892098500626e-15,False,False
TF006,TG024,0.38438578861510847,0.0005569630771738335,True,50.270776,True,1.0,2.3869795029440866e-15,True,True
TF006,TG025,0.44482524878968716,0.0056259560613350105,True,,True,1.0,-5.773159728050814e-15,False,False
TF006,TG028,0.42283516436643265,0.013815406285444582,True,27.445971,True,1.0,-1.27675647831893e-14,False,False
TF006,TG030,0.398299237341095,0.00033782194082892467,True,2.047048,True,1.0,-8.881784197001252e-15,False,False
TF006,TG032,0.47560882225350726,0.0008111896284484517,True,,True,1.0,-7.049916206369744e-15,False,False
TF006,TG037,0.4627053239048225,0.00011905727512424291,True,,True,1.0,3.497202527569243e-15,True,True
TF006,TG038,0.19946772623986703,0.0016474393630780905,True,,True,1.0,-4.246603069191224e-15,False,False
TF006,TG039,0.3869711796796492,0.00031793039247343007,True,,True,1.0,-1.509903313490213e-14,False,False
TF006,TG040,0.7084399605018905,0.00020109731016801724,True,,True,1.0,-9.992007221626409e-16,False,False
TF006,TG042,0.4431594542677487,0.00047899970471077663,True,35.67397,True,1.0,4.385380947269368e-15,True,True
TF006,TG044,0.5484599491191189,0.00021447465480979344,True,,True,1.0,1.432187701766452e-14,True,True
TF006,TG045,0.6122524619786925,0.00015253779452203208,True,,True,1.0,6.661338147750939e-15,True,True
TF006,TG046,0.5270092062792984,0.0007710515695815066,True,,True,1.0,-3.9968028886505635e-15,False,False
TF006,TG051,0.5178796164240548,0.00010991449540704554,True,,True,1.0,5.329070518200751e-15,True,True
TF006,TG053,0.361726909527973,0.00024447380270135145,True,,True,1.0,1.9984014443252818e-15,True,True
TF006,TG054,0.5448516800322841,0.0003876891008663628,True,,True,1.0,0.0,True,True
TF006,TG057,0.2989989987687329,0.00017630036838207132,True,20.90574,True,1.0,2.7200464103316335e-15,True,True
TF006,TG059,0.5051214915564182,0.0001365534716104294,True,,True,1.0,2.886579864025407e-15,True,True
TF006,TG060,0.611185237765379,0.0004290046608639304,True,,True,1.0,6.328271240363392e-15,True,True
TF006,TG061,0.6300566243640321,0.00042943798339876657,True,,True,1.0,-8.992806499463768e-15,False,False
TF006,TG063,0.4165405183078867,0.0012661516471654001,True,36.492342,True,1.0,-7.271960811294775e-15,False,False
TF006,TG066,0.4711756081102415,0.0012031700337576245,True,34.000666,True,1.0,8.43769498715119e-15,True,True
TF006,TG069,0.29703798563895806,0.017898795452758506,True,,True,1.0,5.495603971894525e-15,True,True
TF006,TG070,0.6012029547066694,0.0004409906355085902,True,,True,1.0,9.769962616701378e-15,True,True
TF006,TG072,0.6050981385702792,0.0003585417344210122,True,,True,1.0,4.107825191113079e-15,True,True
TF006,TG075,0.44554461363601056,0.0008027132954026374,True,,True,1.0,5.773159728050814e-15,True,True
TF006,TG076,0.6638987010109597,0.0008844460778991004,True,,True,1.0,1.199040866595169e-14,True,True
TF006,TG077,0.5932157754602039,0.0010772330232719828,True,,True,1.0,1.3322676295501878e-14,True,True
TF006,TG078,0.48987273487686767,0.00030709536098243336,True,,True,1.0,-3.7192471324942744e-15,False,False
TF006,TG079,0.31531804613781095,0.000960650017484981,True,44.87661,True,1.0,5.329070518200751e-15,True,True
TF006,TG080,0.6644881906787178,0.00025378712028202815,True,36.70621,True,1.0,-5.88418203051333e-15,False,False
TF006,TG081,0.5077233298530958,0.0007217557942397314,True,,True,1.0,2.7755575615628914e-15,True,True
TF006,TG082,0.4973471199376589,0.0006695113746369333,True,,True,1.0,-1.0380585280245214e-14,False,False
TF006,TG083,0.7005290916579003,0.0006018291362825513,True,,True,1.0,-1.8762769116165146e-14,False,False
TF006,TG086,0.5502619863105659,0.0008489294856044169,True,,True,1.0,5.995204332975845e-15,True,True
TF006,TG090,0.5066807899400193,0.00029924956979765374,True,16.974763,True,1.0,1.5987211554602254e-14,True,True
TF006,TG091,0.6181853112006458,0.014986044755961563,True,,True,1.0,-1.887379141862766e-15,False,False
TF006,TG092,0.5622857052074528,0.00038533457190130846,True,,True,1.0,-8.992806499463768e-15,False,False
TF006,TG093,0.49551248733850545,0.0003046459418016348,True,,True,1.0,8.604228440844963e-15,True,True
TF006,TG094,0.446231696337228,0.0004787619849505544,True,,True,1.0,-4.829470157119431e-15,False,False
TF006,TG095,0.6673781173341093,0.00025004417663530024,True,,True,1.0,-7.105427357601002e-15,False,False
TF006,TG099,0.34530207004414165,0.0012041102813756539,True,,True,1.0,-8.049116928532385e-15,False,False
TF007,TG002,0.5639520968278756,0.0009415763940365671,True,,True,1.0,1.4988010832439613e-14,True,True
TF007,TG004,0.6367791584541819,0.006840473777286199,True,,True,1.0,7.105427357601002e-15,True,True
TF007,TG005,0.5785028532969375,0.0006731258340116148,True,6.183992,True,1.0,3.885780586188048e-15,True,True
TF007,TG014,0.5395081391657014,0.0012077747729206027,True,,True,1.0,-6.5503158452884236e-15,False,False
TF007,TG016,0.8379051501885258,7.610649151986793e-05,True,,True,1.0,1.176836406102666e-14,True,True
TF007,TG020,0.8873843824533941,6.6247700174556915e-06,True,,True,1.0,-3.774758283725532e-15,False,False
TF007,TG022,0.8617298773609474,0.00017911411169261194,True,,True,1.0,-1.3322676295501878e-14,False,False
TF007,TG023,0.7015660500361282,4.215606727646838e-05,True,,True,1.0,-1.2989609388114332e-14,False,False
TF007,TG025,0.6507541825426055,0.000776179633241431,True,,True,1.0,6.661338147750939e-15,True,True
TF007,TG027,0.6737800395528628,0.0003264144527520606,True,13.360563,True,1.0,-2.9976021664879227e-15,False,False
TF007,TG028,0.6056830497549434,0.00040751468009390723,True,,True,1.0,1.0103029524088925e-14,True,True
TF007,TG029,0.5938620769738797,0.0007434429227643923,True,,True,1.0,-8.992806499463768e-15,False,False
TF007,TG030,0.5762830451322087,0.0010403467675322315,True,,True,1.0,9.658940314238862e-15,True,True
TF007,TG031,0.45975977037746724,0.0003848083552881746,True,,True,1.0,6.2727600891321345e-15,True,True
TF007,TG032,0.679245715747247,0.00042412501346498094,True,19.33002,True,1.0,3.885780586188048e-15,True,True
TF007,TG038,0.41747576597208097,0.032205278162249634,True,10.77067,True,1.0,-3.219646771412954e-15,False,False
TF007,TG043,0.5323690909387182,0.000902200995694834,True,,True,1.0,-9.547918011776346e-15,False,False
TF007,TG047,0.525747220369001,0.000432321845843336,True,,True,1.0,2.220446049250313e-15,True,True
TF007,TG048,0.8615583575710672,0.0008889529491790643,True,,True,1.0,-1.0769163338864018e-14,False,False
TF007,TG053,0.49925577172049296,0.0007613732824496406,True,30.19886,True,1.0,4.9404924595819466e-15,True,True
TF007,TG054,0.7227835634074008,0.00024118754675152146,True,60.974728,True,1.0,1.9095836023552692e-14,True,True
TF007,TG055,0.47792973238008246,0.0007190308179695138,True,,True,1.0,9.492406860545088e-15,True,True
TF007,TG057,0.48802033555853946,6.809216520932547e-05,True,,True,1.0,4.163336342344337e-15,True,True
TF007,TG058,0.54160982660908,0.0005878847829643481,True,,True,1.0,-5.440092820663267e-15,False,False
TF007,TG059,0.7114608240667679,0.00022075972890312187,True,,True,1.0,5.10702591327572e-15,True,True
TF007,TG061,0.8064887057448956,0.0008540174335919483,True,,True,1.0,1.3100631690576847e-14,True,True
TF007,TG062,0.5996238758461678,0.0001934527403036234,True,35.550529,True,1.0,-9.2148511043888e-15,False,False
TF007,TG063,0.6371041504255803,4.312429390213633e-05,True,,True,1.0,1.2545520178264269e-14,True,True
TF007,TG064,0.7834872562183147,0.0003157975430242294,True,,True,1.0,-1.2323475573339238e-14,False,False
TF007,TG065,0.6852835889215543,0.0007785573989084546,True,,True,1.0,-8.215650382226158e-15,False,False
TF007,TG066,0.660444815996405,0.00014031174356266915,True,,True,1.0,4.440892098500626e-16,True,True
TF007,TG067,0.7389031586752898,0.00015003669412319852,True,,True,1.0,1.099120794378905e-14,True,True
TF007,TG069,0.562731371879477,0.0007279348360059975,True,,True,1.0,-2.6645352591003757e-15,False,False
TF007,TG071,0.7322030658836802,0.00032100770998198135,True,,True,1.0,4.3298697960381105e-15,True,True
TF007,TG072,0.7998093051116083,0.0001259948608597637,True,,True,1.0,2.4424906541753444e-15,True,True
TF007,TG074,0.34172713348441874,0.0005667988143296724,True,,True,1.0,-5.329070518200751e-15,False,False
TF007,TG076,0.7882523361768515,3.2051845336823715e-05,True,18.938296,True,1.0,7.993605777301127e-15,True,True
TF007,TG077,0.8059690111980867,0.0006593758733500264,True,47.267028,True,1.0,1.4654943925052066e-14,True,True
TF007,TG078,0.70266781985778,0.000406361608798953,True,,True,1.0,5.88418203051333e-15,True,True
TF007,TG079,0.5068841632212397,0.0005196311375892073,True,,True,1.0,6.994405055138486e-15,True,True
TF007,TG082,0.6634868178227344,0.0003158896890840917,True,,True,1.0,-2.0539125955565396e-14,False,False
TF007,TG089,0.3736295817212744,0.00048370940177357207,True,,True,1.0,-4.440892098500626e-16,False,False
TF007,TG092,0.7440359250000003,1.4340198757158205e-05,True,15.017761,True,1.0,-1.6653345369377348e-14,False,False
TF007,TG093,0.6909453552101567,0.0007908049028938158,True,,True,1.0,7.993605777301127e-15,True,True
TF007,TG094,0.6384393741996761,6.467763998340029e-05,True,,True,1.0,5.995204332975845e-15,True,True
TF007,TG097,0.7398676755409052,1.6432133506656157e-05,True,,True,1.0,-1.0103029524088925e-14,False,False
TF008,TG001,0.565618067833812,0.00020236843152840383,True,,True,1.0,-6.439293542825908e-15,False,False
TF008,TG003,0.6132990286909408,0.0005128108391784223,True,,True,1.0,-3.219646771412954e-15,False,False
TF008,TG006,0.48415570452261686,0.0004849256346736565,True,,True,1.0,6.106226635438361e-15,True,True
TF008,TG008,0.6189412596943917,0.0007557702382528097,True,,True,1.0,-3.219646771412954e-15,False,False
TF008,TG010,0.5370211366946737,0.00032335714070388884,True,,True,1.0,3.4416913763379853e-15,True,True
TF008,TG011,0.2802365598466999,0.0011376519954645196,True,,True,1.0,-5.495603971894525e-15,False,False
TF008,TG015,0.24391896534069796,0.001553606546844451,True,53.748661,True,1.0,8.326672684688674e-16,True,True
TF008,TG018,0.7362724176975034,0.00020435695033772062,True,,True,1.0,1.554312234475219e-14,True,True
TF008,TG019,0.5458094026408705,0.00037627190010617846,True,,True,1.0,-1.0103029524088925e-14,False,False
TF008,TG020,0.7391554234062684,0.0001801204506970512,True,,True,1.0,5.995204332975845e-15,True,True
TF008,TG021,0.5239545888168526,0.0005139140437195568,True,,True,1.0,-9.43689570931383e-15,False,False
TF008,TG023,0.5350149884190498,0.00011352335156286731,True,,True,1.0,1.4432899320127035e-15,True,True
TF008,TG025,0.5187553565644908,0.000439239776244171,True,,True,1.0,-5.218048215738236e-15,False,False
TF008,TG026,0.3874975830704578,0.00021142603198903506,True,,True,1.0,1.887379141862766e-15,True,True
TF008,TG027,0.5310108997666254,0.0008782866891470732,True,,True,1.0,7.105427357601002e-15,True,True
TF008,TG030,0.4213171795698876,0.0006336136614074269,True,,True,1.0,3.885780586188048e-15,True,True
TF008,TG032,0.5214973317011403,0.0009032203628113476,True,,True,1.0,1.2101430968414206e-14,True,True
TF008,TG033,0.5392653818067036,0.0006022056253112091,True,,True,1.0,-7.882583474838611e-15,False,False
TF008,TG035,0.4321631565147798,0.0010821262907405496,True,18.781816,True,1.0,3.6637359812630166e-15,True,True
TF008,TG039,0.4203285243027777,0.0004960281515395491,True,42.000713,True,1.0,4.996003610813204e-16,True,True
TF008,TG041,0.4658058036657359,0.001030168084566925,True,,True,1.0,7.105427357601002e-15,True,True
TF008,TG046,0.5518269004739311,4.8043343556482356e-05,True,,True,1.0,9.2148511043888e-15,True,True
TF008,TG049,0.5134479245791179,0.00031045493676258666,True,,True,1.0,5.10702591327572e-15,True,True
TF008,TG051,0.5599478520770409,0.001039683931281058,True,51.713562,True,1.0,1.4210854715202004e-14,True,True
TF008,TG052,0.41526380225035325,0.0008797042447398418,True,,True,1.0,-7.382983113757291e-15,False,False
TF008,TG053,0.3312490707311773,0.028948259617708316,True,,True,1.0,-4.385380947269368e-15,False,False
TF008,TG056,0.6630350049190735,0.0008947863166011565,True,,True,1.0,-8.215650382226158e-15,False,False
TF008,TG061,0.6776055848122873,0.0002261464676026538,True,6.879829,True,1.0,3.219646771412954e-15,True,True
TF008,TG063,0.4715673459966249,0.000581587963947395,True,,True,1.0,5.6066262743570405e-15,True,True
TF008,TG064,0.5998208337589652,0.00022382320142404812,True,,True,1.0,1.1879386363489175e-14,True,True
TF008,TG065,0.5425217889094244,0.00010207128086458305,True,,True,1.0,-1.1102230246251565e-15,False,False
TF008,TG069,0.4037890327461725,0.00028204808568648793,True,,True,1.0,1.0103029524088925e-14,True,True
TF008,TG070,0.6350024020725517,0.00012917511278535957,True,,True,1.0,2.886579864025407e-15,True,True
TF008,TG076,0.7630501976575313,0.0013283612373385868,True,,True,1.0,-9.325873406851315e-15,False,False
TF008,TG077,0.6564008643434858,0.00011525427137407065,True,,True,1.0,3.4416913763379853e-15,True,True
TF008,TG080,0.7051574696825961,1.7617193930245066e-05,True,,True,1.0,-5.551115123125783e-15,False,False
TF008,TG081,0.4950957525482278,6.161298213126837e-05,True,,True,1.0,-8.715250743307479e-15,False,False
TF008,TG082,0.5221609620586875,0.0005882247601284906,True,,True,1.0,-1.0103029524088925e-14,False,False
TF008,TG083,0.7771851622763881,0.0007390667541400558,True,,True,1.0,-6.439293542825908e-15,False,False
TF008,TG084,0.4445367810640634,2.8556238771023863e-05,True,,True,1.0,-4.9960036108132044e-15,False,False
TF008,TG086,0.5893466133825603,0.00033255404763845426,True,9.065746,True,1.0,-1.2323475573339238e-14,False,False
TF008,TG091,0.6360033658040192,1.8019676566418664e-05,True,,True,1.0,3.1086244689504383e-15,True,True
TF008,TG098,0.4919416796258633,0.0011613975450388138,True,,True,1.0,-3.497202527569243e-15,False,False
TF009,TG004,0.5789511934305538,0.00022676065287520865,True,,True,1.0,1.8096635301390052e-14,True,True
TF009,TG010,0.6599142318647111,0.0006100976894990503,True,,True,1.0,-6.217248937900877e-15,False,False
TF009,TG015,0.3568591852365968,0.0002991907694745918,True,,True,1.0,-3.552713678800501e-15,False,False
TF009,TG017,0.665362150029777,2.5263371161211437e-05,True,,True,1.0,9.325873406851315e-15,True,True
TF009,TG018,0.8767868808612315,0.00017871078250996676,True,,True,1.0,-4.440892098500626e-16,False,False
TF009,TG019,0.6669764182433586,3.777495024032624e-05,True,,True,1.0,-2.55351295663786e-15,False,False
TF009,TG021,0.6423689161902718,0.0007692366014879354,True,,True,1.0,-6.661338147750939e-15,False,False
TF009,TG023,0.6639958266495195,0.0006318532874697363,True,,True,1.0,6.217248937900877e-15,True,True
TF009,TG027,0.637785105032649,0.00020621804880110547,True,,True,1.0,-1.0103029524088925e-14,False,False
TF009,TG028,0.5880011114007434,0.0005251875626835755,True,,True,1.0,-2.7755575615628914e-15,False,False
TF009,TG029,0.5577621152680857,0.0010140263598833502,True,,True,1.0,1.2212453270876722e-15,True,True
TF009,TG030,0.5650298234272695,0.00020156182059005948,True,,True,1.0,2.4424906541753444e-15,True,True
TF009,TG031,0.4451438441864003,0.0001979066227849721,True,,True,1.0,-5.329070518200751e-15,False,False
TF009,TG032,0.6401590423524395,0.00013728696694273663,True,,True,1.0,-1.3988810110276972e-14,False,False
TF009,TG035,0.5323554517880389,9.043395297193877e-05,True,,True,1.0,1.021405182655144e-14,True,True
TF009,TG036,0.7788942933002397,0.00043769015562819346,True,,True,1.0,-7.882583474838611e-15,False,False
TF009,TG039,0.5487142473672457,0.00040137071045591005,True,,True,1.0,9.658940314238862e-15,True,True
TF009,TG041,0.5733704716635046,0.0003987304849652836,True,45.935214,True,1.0,1.1213252548714081e-14,True,True
TF009,TG046,0.6923348535780899,0.00014830030646165136,True,,True,1.0,-1.709743457922741e-14,False,False
TF009,TG047,0.42873199306678544,0.009843887335468803,True,,True,1.0,6.161737786669619e-15,True,True
TF009,TG048,0.8783173088015996,0.004954521716102985,True,,True,1.0,7.549516567451064e-15,True,True
TF009,TG050,0.543621094982091,0.001225103975511739,True,,True,1.0,4.107825191113079e-15,True,True
TF009,TG051,0.6712722068800935,0.00029490646784252844,True,,True,1.0,1.1324274851176597e-14,True,True
TF009,TG052,0.5729522195570592,0.014078415926142855,True,,True,1.0,2.3314683517128287e-15,True,True
TF009,TG053,0.5092888796953549,0.00018443143699277035,True,,True,1.0,-5.662137425588298e-15,False,False
TF009,TG055,0.453607484678029,0.00023288291324248688,True,,True,1.0,8.93729534823251e-15,True,True
TF009,TG060,0.7549636187794234,0.00036854126086267283,True,39.910172,True,1.0,6.772360450213455e-15,True,True
TF009,TG062,0.5698097571088316,0.0002757987671422652,True,,True,1.0,2.9976021664879227e-15,True,True
TF009,TG065,0.6419795377893734,0.00019298292615600564,True,3.743723,True,1.0,5.440092820663267e-15,True,True
TF009,TG070,0.7299911329849916,9.638971113718327e-05,True,9.147272,True,1.0,-2.220446049250313e-16,True,True
TF009,TG073,0.8616066791654134,0.00040633061471656535,True,,True,1.0,-8.43769498715119e-15,False,False
TF009,TG075,0.6118446726065727,4.292072158995489e-05,True,,True,1.0,-1.2656542480726785e-14,False,False
TF009,TG077,0.6469694041573557,0.0059581108033137905,True,,True,1.0,-9.2148511043888e-15,False,False
TF009,TG078,0.644362327905239,0.0009313508406355495,True,,True,1.0,-2.55351295663786e-15,False,False
TF009,TG079,0.4675301463024269,0.0004044324993090454,True,,True,1.0,6.050715484207103e-15,True,True
TF009,TG080,0.8466121993310108,0.000523513689339044,True,,True,1.0,-1.1657341758564144e-14,False,False
TF009,TG081,0.6512123677534719,0.0037310662239416676,True,,True,1.0,-7.327471962526033e-15,False,False
TF009,TG082,0.6311699528375615,0.00015395556734649395,True,,True,1.0,-1.3100631690576847e-14,False,False
TF009,TG083,0.9115302748435602,0.0008266842097641919,True,64.271049,True,1.0,-2.7755575615628914e-15,False,False
TF009,TG085,0.7456102725703674,0.0002939811649095,True,,True,1.0,-8.326672684688674e-15,False,False
TF009,TG086,0.6783592379333353,0.00041446876522516874,True,,True,1.0,6.994405055138486e-15,True,True
TF009,TG088,0.6298703997330514,0.000602434286536463,True,,True,1.0,-8.326672684688674e-15,False,False
TF009,TG089,0.35056525267981753,0.0011517501819988914,True,,True,1.0,2.831068712794149e-15,True,True
TF009,TG092,0.7082709472329369,0.00027870046853091345,True,,True,1.0,6.217248937900877e-15,True,True
TF009,TG093,0.6800742971143001,4.030181135918752e-05,True,,True,1.0,9.880984919163893e-15,True,True
TF009,TG094,0.57255610761673,0.005423776117470624,True,,True,1.0,7.549516567451064e-15,True,True
TF009,TG095,0.8392136223153364,0.00029099092444256566,True,,True,1.0,-1.2434497875801753e-14,False,False
TF009,TG096,0.6707715124097482,1.4963440183475158e-07,True,,True,1.0,3.4416913763379853e-15,True,True
TF009,TG098,0.6269033413637332,0.00022221501398893986,True,,True,1.0,-4.440892098500626e-16,False,False
TF010,TG000,0.6940709943815448,0.0026877622234465996,True,,True,1.0,1.1213252548714081e-14,True,True
TF010,TG004,0.5634709068109717,0.0012099980317570296,True,,True,1.0,1.4876988529977098e-14,True,True
TF010,TG005,0.5541579483978603,0.0015945961509219418,True,27.616482,True,1.0,-8.326672684688674e-15,False,False
TF010,TG007,0.556394603224883,0.0004048667601113227,True,,True,1.0,-8.770761894538737e-15,False,False
TF010,TG008,0.7305793848460491,0.00098540543144498,True,,True,1.0,9.2148511043888e-15,True,True
TF010,TG009,0.6241333156064857,4.566023063803098e-05,True,,True,1.0,-1.9317880628477724e-14,False,False
TF010,TG012,0.27733394321320676,0.0015385479166402773,True,,True,1.0,3.497202527569243e-15,True,True
TF010,TG014,0.5268387516768288,0.0008453225893594856,True,,True,1.0,-2.220446049250313e-16,True,True
TF010,TG019,0.6571050138513931,0.0008159414526061091,True,9.196935,True,1.0,7.66053886991358e-15,True,True
TF010,TG020,0.8474902475119677,0.0004001825088159301,True,,True,1.0,1.1435297153639112e-14,True,True
TF010,TG022,0.8047480102707312,0.00036835581845580574,True,,True,1.0,1.0103029524088925e-14,True,True
TF010,TG023,0.6712473684275169,0.0003822590267793368,True,,True,1.0,-1.8207657603852567e-14,False,False
TF010,TG025,0.6372216487103493,0.0008609859324439687,True,,True,1.0,-1.9984014443252818e-15,False,False
TF010,TG026,0.49593358367234697,0.0003232797158021065,True,,True,1.0,-6.328271240363392e-15,False,False
TF010,TG029,0.5787202272138929,0.0008428789383837831,True,,True,1.0,-1.7763568394002505e-14,False,False
TF010,TG030,0.547118274271099,0.0006202291967468647,True,,True,1.0,1.0547118733938987e-14,True,True
TF010,TG032,0.6034129700086845,1.4617286630377132e-05,True,2.10247,True,1.0,1.4765966227514582e-14,True,True
TF010,TG036,0.7691443847274296,0.00040381004750686763,True,,True,1.0,1.5654144647214707e-14,True,True
TF010,TG038,0.34131274456333,0.0012392298788057512,True,32.20316,True,1.0,1.609823385706477e-15,True,True
TF010,TG040,0.8560196643695512,0.0002382316163933894,True,,True,1.0,-1.3211653993039363e-14,False,False
TF010,TG041,0.5951691829212137,0.0003940351359301361,True,,True,1.0,-1.8318679906315083e-14,False,False
TF010,TG042,0.6262336080206246,0.00020136385405837519,True,,True,1.0,-9.992007221626409e-16,False,False
TF010,TG043,0.47693986414198747,6.64157344114667e-05,True,,True,1.0,7.494005416219807e-15,True,True
TF010,TG044,0.7086263264928331,0.0007726947804070066,True,,True,1.0,2.19824158875781e-14,True,True
TF010,TG045,0.7428053615477251,7.187095287812019e-06,True,29.260897,True,1.0,-1.454392162258955e-14,False,False
TF010,TG046,0.6669572216797656,2.497978259878736e-05,True,44.339619,True,1.0,-1.4210854715202004e-14,False,False
TF010,TG048,0.8450487878968895,0.00014872173188660285,True,,True,1.0,7.216449660063518e-15,True,True
TF010,TG049,0.6222898219453827,0.0001891843105981006,True,,True,1.0,-7.771561172376096e-15,False,False
TF010,TG053,0.5351269384088625,0.00022642177853988713,True,51.63135,True,1.0,9.43689570931383e-15,True,True
TF010,TG055,0.44370290522556616,0.00013853348201411543,True,,True,1.0,2.1094237467877974e-15,True,True
TF010,TG056,0.798839129628393,3.627094538695466e-05,True,,True,1.0,2.1094237467877974e-15,True,True
TF010,TG057,0.46662341911466354,0.007232473336175383,True,,True,1.0,-4.163336342344337e-15,False,False
TF010,TG059,0.6663912025341009,0.00022182956109771692,True,,True,1.0,2.220446049250313e-16,True,True
TF010,TG062,0.5437169559755425,0.0006999273649201866,True,14.118039,True,1.0,3.9968028886505635e-15,True,True
TF010,TG064,0.7518954772677641,0.0006153276776537032,True,,True,1.0,-4.9960036108132044e-15,False,False
TF010,TG067,0.7321719806863697,0.00030597746730127626,True,,True,1.0,-1.4765966227514582e-14,False,False
TF010,TG068,0.7580857654577268,0.000107596901728984,True,,True,1.0,-7.216449660063518e-15,False,False
TF010,TG069,0.533445691517079,0.0006170874241227682,True,,True,1.0,4.107825191113079e-15,True,True
TF010,TG070,0.7342794710824136,0.0006130849752629192,True,,True,1.0,-1.4988010832439613e-14,False,False
TF010,TG071,0.7016390642202083,0.0005175981285641986,True,,True,1.0,-6.8833827526759706e-15,False,False
TF010,TG072,0.7559977186118482,0.0005511908876339296,True,,True,1.0,-3.552713678800501e-15,False,False
TF010,TG073,0.8238357256786741,4.64771151744392e-05,True,,True,1.0,-1.1435297153639112e-14,False,False
TF010,TG075,0.6027259945198926,0.0003873935216108051,True,42.196271,True,1.0,-1.432187701766452e-14,False,False
TF010,TG076,0.8084422608980062,0.0003167272920760466,True,40.370786,True,1.0,1.2212453270876722e-15,True,True
TF010,TG079,0.4914402747525274,0.0002187605602533482,True,,True,1.0,3.2751579226442118e-15,True,True
TF010,TG081,0.6123639903414897,0.00021088146554824392,True,,True,1.0,1.587618925213974e-14,True,True
TF010,TG082,0.6186733826797088,0.0001361442610464975,True,,True,1.0,-1.4876988529977098e-14,False,False
TF010,TG083,0.9341916458826961,0.0018997099993100243,True,,True,1.0,-1.887379141862766e-14,False,False
TF010,TG084,0.5466590204077703,0.0006599647212355088,True,,True,1.0,-6.439293542825908e-15,False,False
TF010,TG087,0.7498458316849057,0.000147767724219511,True,1.969282,True,1.0,7.549516567451064e-15,True,True
TF010,TG089,0.3208656317979466,0.0012359707261168304,True,,True,1.0,-7.494005416219807e-15,False,False
TF010,TG090,0.6631403806753078,0.00011652485177954966,True,,True,1.0,1.765254609153999e-14,True,True
TF010,TG092,0.7173749827512498,6.0690188343149314e-05,True,6.414729,True,1.0,-1.1102230246251565e-14,False,False
TF010,TG093,0.6786688322618888,0.00032713973194889434,True,,True,1.0,-1.0880185641326534e-14,False,False
TF010,TG096,0.6831223734749596,0.0008379472993002653,True,,True,1.0,4.884981308350689e-15,True,True
TF010,TG098,0.5098946236359524,0.002122194561570057,True,,True,1.0,2.886579864025407e-15,True,True
TF010,TG099,0.49788694969624925,1.2483248137724575e-05,True,,True,1.0,1.7763568394002505e-15,True,True
TF011,TG001,0.5693569521777544,7.713710759670949e-05,True,,True,1.0,-2.9976021664879227e-15,False,False
TF011,TG002,0.40851904495795854,0.0004624595339123428,True,,True,1.0,-7.549516567451064e-15,False,False
TF011,TG004,0.507282508551489,0.0004272666595180307,True,,True,1.0,-6.5503158452884236e-15,False,False
TF011,TG005,0.45081095934996684,0.0008910650317390666,True,32.739115,True,1.0,3.497202527569243e-15,True,True
TF011,TG009,0.5468854071436553,0.000738451856188509,True,,True,1.0,6.661338147750939e-16,True,True
TF011,TG012,0.1587005253179171,0.0005267435057021772,True,,True,1.0,3.3306690738754696e-16,True,True
TF011,TG013,0.815801338542438,0.0003458334397347371,True,,True,1.0,7.327471962526033e-15,True,True
TF011,TG014,0.42410337340356324,0.0009356204201437387,True,,True,1.0,-4.052314039881821e-15,False,False
TF011,TG016,0.7038052801491737,8.53895272707099e-05,True,,True,1.0,2.4424906541753444e-15,True,True
TF011,TG017,0.5801352181782324,0.011980530863009299,True,10.52846,True,1.0,1.887379141862766e-15,True,True
TF011,TG019,0.5525918081576001,0.0014351174386390319,True,4.074302,True,1.0,-7.771561172376096e-16,False,False
TF011,TG022,0.7198826422577986,5.1579764609393326e-05,True,,True,1.0,4.9960036108132044e-15,True,True
TF011,TG023,0.5759000116667947,2.5148179629352097e-05,True,,True,1.0,-1.1879386363489175e-14,False,False
TF011,TG026,0.40780494279887264,0.0008252225105150153,True,,True,1.0,7.327471962526033e-15,True,True
TF011,TG033,0.5884231952330701,0.0029098377663260133,True,,True,1.0,-5.551115123125783e-15,False,False
TF011,TG034,0.6150061323834173,0.00020117655866784851,True,13.959666,True,1.0,-6.661338147750939e-15,False,False
TF011,TG035,0.4365720323856148,0.0001753992305942106,True,,True,1.0,-5.218048215738236e-15,False,False
TF011,TG039,0.4384374196248107,2.363353263900125e-05,True,,True,1.0,-1.1657341758564144e-15,False,False
TF011,TG041,0.5085021116001419,0.0005289763165651099,True,,True,1.0,4.107825191113079e-15,True,True
TF011,TG043,0.36362497619204176,0.0010042244431917237,True,,True,1.0,2.220446049250313e-15,True,True
TF011,TG045,0.6542341499506114,0.00023928146012191647,True,34.38353,True,1.0,-1.6764367671839864e-14,False,False
TF011,TG048,0.7266879258141595,7.236627344502424e-05,True,,True,1.0,-2.55351295663786e-15,False,False
TF011,TG049,0.5617409097666124,0.0004861792600446752,True,,True,1.0,2.220446049250313e-16,True,True
TF011,TG050,0.490872172875312,0.0001210832366658207,True,,True,1.0,8.382183835919932e-15,True,True
TF011,TG051,0.579196458774934,0.00028525456057345834,True,,True,1.0,-1.532107773982716e-14,False,False
TF011,TG052,0.41114740896736635,0.01718339795615816,True,,True,1.0,-9.825473767932635e-15,False,False
TF011,TG055,0.34302536281647084,0.0005626535240494819,True,,True,1.0,-5.2735593669694936e-15,False,False
TF011,TG059,0.5588483120692971,0.0013591878616277043,True,,True,1.0,5.551115123125783e-15,True,True
TF011,TG061,0.7030170838542982,0.00034622933406110455,True,,True,1.0,-7.105427357601002e-15,False,False
TF011,TG062,0.460683064751573,0.000766589648889705,True,8.995406,True,1.0,4.385380947269368e-15,True,True
TF011,TG064,0.6387452312878078,0.00015513879907667926,True,,True,1.0,-1.3322676295501878e-15,False,False
TF011,TG065,0.528899132629157,0.00046558858967676083,True,,True,1.0,8.992806499463768e-15,True,True
TF011,TG069,0.43626427908571336,0.000568621013474195,True,,True,1.0,-2.886579864025407e-15,False,False
TF011,TG071,0.592151197554797,0.0011842758794089502,True,,True,1.0,-6.994405055138486e-15,False,False
TF011,TG072,0.66061529393401,0.0004530291491347753,True,,True,1.0,3.552713678800501e-15,True,True
TF011,TG075,0.5048974590860289,0.0009730409218018653,True,37.073638,True,1.0,1.0103029524088925e-14,True,True
TF011,TG076,0.7299445558548189,0.0006516662126689285,True,45.493419,True,1.0,2.55351295663786e-15,True,True
TF011,TG077,0.6145280507075959,0.009588320642967657,True,20.711905,True,1.0,1.0436096431476471e-14,True,True
TF011,TG078,0.5838706050933374,0.00044644493436238266,True,,True,1.0,-5.440092820663267e-15,False,False
TF011,TG083,0.7664270524533403,0.0005187276775745261,True,,True,1.0,8.659739592076221e-15,True,True
TF011,TG087,0.6545965596300095,0.0003250667478520042,True,3.153351,True,1.0,-8.881784197001252e-15,False,False
TF011,TG088,0.5205821302836745,0.0002291326421442244,True,,True,1.0,-7.105427357601002e-15,False,False
TF011,TG092,0.6330754426748648,0.00015312517181947713,True,11.537362,True,1.0,-6.661338147750939e-15,False,False
TF011,TG093,0.580539551389231,4.937133664445148e-05,True,,True,1.0,-7.327471962526033e-15,False,False
TF011,TG095,0.825709607481676,0.007667401631819973,True,,True,1.0,-8.659739592076221e-15,False,False
TF011,TG096,0.5881571516844354,0.00021131755460080992,True,,True,1.0,1.1657341758564144e-14,True,True
TF011,TG097,0.5844845688616119,0.0005797836654025386,True,,True,1.0,-1.1102230246251565e-14,False,False
TF011,TG099,0.4304315217126277,0.0005241154717265378,True,,True,1.0,-7.716050021144838e-15,False,False
TF012,TG000,0.523994980956286,0.00046221074121004956,True,,True,1.0,7.549516567451064e-15,True,True
TF012,TG001,0.4824199880844094,0.0005358271700292964,True,,True,1.0,-5.551115123125783e-15,False,False
TF012,TG002,0.3234844938123642,0.0009523054931607676,True,,True,1.0,-4.6074255521944e-15,False,False
TF012,TG003,0.5599154845188292,0.00014357321359054445,True,,True,1.0,-7.771561172376096e-15,False,False
TF012,TG004,0.38510077829809136,6.874172648411798e-05,True,,True,1.0,8.659739592076221e-15,True,True
TF012,TG006,0.435339501352442,0.0014233716413839996,True,2.969939,True,1.0,8.604228440844963e-15,True,True
TF012,TG009,0.36971785443686,0.010758388134470883,True,,True,1.0,-8.770761894538737e-15,False,False
TF012,TG010,0.5022197856604573,0.00027834975747197707,True,,True,1.0,9.880984919163893e-15,True,True
TF012,TG011,0.23007571236670213,0.0004332551941799505,True,,True,1.0,2.275957200481571e-15,True,True
TF012,TG015,0.2002211824739046,0.00016499538796963946,True,,True,1.0,-4.274358644806853e-15,False,False
TF012,TG016,0.6343200542717478,9.105519744471755e-05,True,,True,1.0,1.7763568394002505e-15,True,True
TF012,TG018,0.6855647924025231,0.00042452049769402,True,,True,1.0,6.5503158452884236e-15,True,True
TF012,TG020,0.6829658291618728,0.011321379532372706,True,,True,1.0,1.5987211554602254e-14,True,True
TF012,TG022,0.64304621874,0.00034782945848362213,True,,True,1.0,7.771561172376096e-15,True,True
TF012,TG023,0.5049500842031279,0.0002520006456509915,True,,True,1.0,5.662137425588298e-15,True,True
TF012,TG024,0.3591764549447797,0.00015562770661426578,True,41.815277,True,1.0,-1.7763568394002505e-15,False,False
TF012,TG025,0.4388235555961287,0.00018600617881085326,True,,True,1.0,7.382983113757291e-15,True,True
TF012,TG031,0.23507038375345563,0.011776048647164862,True,13.851278,True,1.0,2.7200464103316335e-15,True,True
TF012,TG032,0.4499984369588206,0.0008859114539427099,True,,True,1.0,-1.27675647831893e-15,False,False
TF012,TG034,0.5416406221908168,0.00025484215143385154,True,,True,1.0,3.9968028886505635e-15,True,True
TF012,TG038,0.1852938170283893,0.0015737737240409486,True,,True,1.0,-2.9698465908722937e-15,False,False
TF012,TG039,0.3641155097114854,0.00048362840264100875,True,,True,1.0,-7.66053886991358e-15,False,False
TF012,TG043,0.28534130713381156,0.002566214968827726,True,,True,1.0,-3.0531133177191805e-15,False,False
TF012,TG046,0.5785814418692281,0.002515556511813406,True,,True,1.0,-3.9968028886505635e-15,False,False
TF012,TG048,0.6568933246584566,0.000978541811784768,True,,True,1.0,2.4424906541753444e-15,True,True
TF012,TG050,0.3360004188719893,0.000578280083010343,True,,True,1.0,1.6653345369377348e-15,True,True
TF012,TG052,0.35514593788990484,0.00172811269395064,True,33.133046,True,1.0,-6.5503158452884236e-15,False,False
TF012,TG054,0.33306435960486735,0.05001159519557956,True,,True,1.0,4.6074255521944e-15,True,True
TF012,TG055,0.2808986887336987,0.0005372764429094401,True,5.993937,True,1.0,5.551115123125783e-17,True,True
TF012,TG056,0.655300274500252,0.0005256778979600628,True,,True,1.0,-3.3306690738754696e-15,False,False
TF012,TG058,0.3129111313614823,0.0009579098438011492,True,47.002229,True,1.0,-4.274358644806853e-15,False,False
TF012,TG059,0.5077434355690016,0.00010140273319387633,True,,True,1.0,-2.220446049250313e-16,True,True
TF012,TG060,0.5934025247358873,0.0007568048744452368,True,,True,1.0,-4.773959005888173e-15,False,False
TF012,TG063,0.38776121473208347,0.01985548895345029,True,44.947841,True,1.0,-9.43689570931383e-15,False,False
TF012,TG065,0.4739801491242531,0.00020022356486839392,True,,True,1.0,-4.829470157119431e-15,False,False
TF012,TG067,0.5465694431250936,0.000229499155561737,True,36.858739,True,1.0,8.104628079763643e-15,True,True
TF012,TG068,0.598048273008737,0.0005123731596273967,True,,True,1.0,3.6637359812630166e-15,True,True
TF012,TG069,0.3757500394326517,0.0014400467043072197,True,,True,1.0,-5.218048215738236e-15,False,False
TF012,TG071,0.5040496910806237,0.00030609159890992153,True,29.668406,True,1.0,-8.881784197001252e-16,False,False
TF012,TG074,0.1277083106630954,0.0010352865637459927,True,,True,1.0,0.0,True,True
TF012,TG075,0.46414687521318854,0.0152478360976513,True,,True,1.0,9.992007221626409e-16,True,True
TF012,TG080,0.6720596724328609,0.00024385392110103812,True,28.250711,True,1.0,7.438494264988549e-15,True,True
TF012,TG082,0.4524386140625262,0.0006045875613050871,True,,True,1.0,-8.93729534823251e-15,False,False
TF012,TG083,0.7139332649526322,0.00014882055366019256,True,,True,1.0,2.55351295663786e-15,True,True
TF012,TG086,0.5922483619015458,0.00364017609829722,True,,True,1.0,-4.6629367034256575e-15,False,False
TF012,TG089,0.1411003567816882,0.00022605152266753572,True,,True,1.0,-1.7208456881689926e-15,False,False
TF012,TG092,0.5226249834060884,0.00038657654879038495,True,,True,1.0,-6.994405055138486e-15,False,False
TF012,TG095,0.6616076363916342,0.010844274842808135,True,,True,1.0,-1.887379141862766e-15,False,False
TF012,TG096,0.49033212991575115,0.0003567596453256254,True,,True,1.0,-3.497202527569243e-15,False,False
TF012,TG097,0.5276044937380754,4.8674897936300024e-05,True,,True,1.0,5.662137425588298e-15,True,True
TF012,TG098,0.43481434182262707,0.00030476613037273826,True,,True,1.0,-2.6645352591003757e-15,False,False
TF012,TG099,0.32261218168068323,0.00047268459383335187,True,,True,1.0,-7.271960811294775e-15,False,False
TF013,TG000,0.5281512218467364,0.00010862591557153665,True,,True,1.0,6.439293542825908e-15,True,True
TF013,TG001,0.48219163214832134,0.00024306597493002524,True,,True,1.0,-3.1086244689504383e-15,False,False
TF013,TG004,0.39285748900435946,3.9101254921988016e-05,True,,True,1.0,-6.217248937900877e-15,False,False
TF013,TG005,0.3562848875264815,0.0016417369917457768,True,,True,1.0,-1.4432899320127035e-15,False,False
TF013,TG007,0.41345271966748337,0.0011221572018648143,True,,True,1.0,5.051514762044462e-15,True,True
TF013,TG008,0.5600995231657605,0.0007158951853516985,True,,True,1.0,-3.1086244689504383e-15,False,False
TF013,TG009,0.47356148540785503,0.007553881699381482,True,,True,1.0,0.0,True,True
TF013,TG011,0.24118697165386294,0.0013226125416729568,True,,True,1.0,2.1094237467877974e-15,True,True
TF013,TG013,0.770389709265809,0.0022801890242828407,True,,True,1.0,-9.769962616701378e-15,False,False
TF013,TG014,0.35502131862586783,0.0006057586479683604,True,,True,1.0,4.9404924595819466e-15,True,True
TF013,TG015,0.18146140438306727,0.0009690498388047952,True,,True,1.0,-2.6922908347160046e-15,False,False
TF013,TG016,0.6230995811105947,0.0002231874055062115,True,,True,1.0,-4.884981308350689e-15,False,False
TF013,TG018,0.6733821701171708,0.00044697097036013256,True,,True,1.0,-6.328271240363392e-15,False,False
TF013,TG019,0.47862983594385666,0.00042048545673676257,True,,True,1.0,-8.881784197001252e-15,False,False
TF013,TG026,0.33245552390630206,0.00032868827535483496,True,,True,1.0,8.659739592076221e-15,True,True
TF013,TG028,0.4212759067381364,0.00016282474009037042,True,25.937662,True,1.0,6.050715484207103e-15,True,True
TF013,TG029,0.3929421606893607,0.00011111390126199229,True,,True,1.0,2.0539125955565396e-15,True,True
TF013,TG030,0.36843864484186295,6.916906393300105e-05,True,55.430681,True,1.0,-6.106226635438361e-15,False,False
TF013,TG031,0.27752064922490133,0.00038965927567281784,True,58.779412,True,1.0,7.216449660063518e-16,True,True
TF013,TG033,0.535691162465925,0.0007924395330445202,True,,True,1.0,1.5543122344752192e-15,True,True
TF013,TG035,0.36288924433966796,0.0006812085537002346,True,,True,1.0,-3.3306690738754696e-16,False,False
TF013,TG039,0.37279300932824266,0.0002772869140364308,True,,True,1.0,6.328271240363392e-15,True,True
TF013,TG040,0.6685927615462337,0.0006512775687669141,True,,True,1.0,-1.3988810110276972e-14,False,False
TF013,TG041,0.41101597958344815,0.0012090901583871531,True,,True,1.0,-4.496403249731884e-15,False,False
TF013,TG042,0.4436411630519183,0.00011173356001409915,True,89.057603,True,1.0,1.887379141862766e-15,True,True
TF013,TG044,0.5442138967582053,0.00012123035550617494,True,,True,1.0,8.881784197001252e-16,True,True
TF013,TG045,0.5526620391521966,3.178220295068676e-05,True,,True,1.0,-1.0325074129013956e-14,False,False
TF013,TG046,0.5253146167146868,0.0011697306237124809,True,,True,1.0,-6.328271240363392e-15,False,False
TF013,TG047,0.29976117529760576,0.0003473030685631469,True,45.386194,True,1.0,-1.0547118733938987e-15,False,False
TF013,TG049,0.4796591037833827,0.0001869490858549391,True,,True,1.0,4.9404924595819466e-15,True,True
TF013,TG051,0.485394493759315,0.0006538290877622906,True,,True,1.0,1.021405182655144e-14,True,True
TF013,TG053,0.2951857598553223,1.5245957330737513e-05,True,,True,1.0,1.887379141862766e-15,True,True
TF013,TG054,0.48844893325537203,0.00016205605176822046,True,,True,1.0,-4.3298697960381105e-15,False,False
TF013,TG064,0.5619314156691115,0.0003710300028338798,True,,True,1.0,-3.4416913763379853e-15,False,False
TF013,TG068,0.6112025515634287,0.00035656831169622594,True,,True,1.0,-1.0325074129013956e-14,False,False
TF013,TG069,0.3497381591566613,0.00022879353312347563,True,,True,1.0,-8.271161533457416e-15,False,False
TF013,TG073,0.6759870994953467,1.421545023403648e-05,True,21.942185,True,1.0,-8.326672684688674e-15,False,False
TF013,TG074,0.13787001312443134,0.0005969656134447657,True,,True,1.0,8.049116928532385e-16,True,True
TF013,TG075,0.4393264975002137,0.00025169964432273804,True,,True,1.0,4.6629367034256575e-15,True,True
TF013,TG076,0.6378343459814683,0.0009061840988685313,True,,True,1.0,1.176836406102666e-14,True,True
TF013,TG078,0.4602040341162127,0.00040373442449641864,True,,True,1.0,7.216449660063518e-15,True,True
TF013,TG082,0.4424681235339383,0.00036113442027100765,True,,True,1.0,7.216449660063518e-16,True,True
TF013,TG084,0.37486345866902704,0.0006229074039454964,True,87.893546,True,1.0,-7.16093850883226e-15,False,False
TF013,TG085,0.5255683571345332,0.002995614880059565,True,,True,1.0,-6.994405055138486e-15,False,False
TF013,TG087,0.584462397693248,0.0004964961081079095,True,,True,1.0,3.3306690738754696e-15,True,True
TF013,TG088,0.4558686134122748,0.00035370761665033836,True,,True,1.0,-3.83026943495679e-15,False,False
TF013,TG093,0.48528607197912604,0.001051126946456411,True,,True,1.0,-3.2751579226442118e-15,False,False
TF013,TG097,0.495700949021332,2.525586779895255e-05,True,,True,1.0,-2.886579864025407e-15,False,False
TF013,TG098,0.4018221462024271,5.474641689112922e-05,True,,True,1.0,-2.0539125955565396e-15,False,False
TF014,TG002,0.5857806007292119,0.0004192747940226316,True,68.654023,True,1.0,3.3306690738754696e-15,True,True
TF014,TG005,0.6355273946481792,0.00022191803578127533,True,,True,1.0,-1.0880185641326534e-14,False,False
TF014,TG006,0.7078619813733571,0.0002898721715166023,True,,True,1.0,-1.0880185641326534e-14,False,False
TF014,TG008,0.8315447660682711,0.00024523862728109957,True,,True,1.0,-4.440892098500626e-15,False,False
TF014,TG010,0.8809054576200651,0.0073538958012321215,True,,True,1.0,-1.1324274851176597e-14,False,False
TF014,TG013,0.9935872286324938,2.4145882598504945e-05,True,,True,1.0,9.992007221626409e-16,True,True
TF014,TG014,0.6230235539075459,8.988294272021573e-06,True,,True,1.0,-1.1102230246251565e-15,False,False
TF014,TG018,0.9365546431287439,0.00022197668443699499,True,,True,1.0,2.098321516541546e-14,True,True
TF014,TG024,0.6180589221833543,0.00020669406969273368,True,,True,1.0,-6.5503158452884236e-15,False,False
TF014,TG026,0.6165313404420971,0.005053379182647411,True,,True,1.0,1.9984014443252818e-15,True,True
TF014,TG027,0.7230723904832846,0.0002184742386270504,True,,True,1.0,-6.8833827526759706e-15,False,False
TF014,TG028,0.8589282090063418,0.0019042932838737895,True,,True,1.0,7.993605777301127e-15,True,True
TF014,TG029,0.6516537738224942,1.1196030854907346e-05,True,,True,1.0,-7.771561172376096e-15,False,False
TF014,TG033,0.7658230693228036,0.000801865960833914,True,,True,1.0,1.532107773982716e-14,True,True
TF014,TG035,0.6028889713622685,0.000377551616036937,True,61.137474,True,1.0,-1.3655743202889425e-14,False,False
TF014,TG036,0.8919848307993394,0.0002739005446489712,True,,True,1.0,1.8984813721090177e-14,True,True
TF014,TG039,0.6318544112549103,0.00042004972501059293,True,84.356371,True,1.0,-1.432187701766452e-14,False,False
TF014,TG040,0.9286108249846855,3.946924886593637e-06,True,,True,1.0,-6.772360450213455e-15,False,False
TF014,TG043,0.569804506781097,0.0010566896216953844,True,,True,1.0,-1.021405182655144e-14,False,False
TF014,TG044,0.8168077671698037,0.0006461782196021949,True,,True,1.0,-9.547918011776346e-15,False,False
TF014,TG046,0.7702225062930057,0.0004813005419496845,True,,True,1.0,2.1760371282653068e-14,True,True
TF014,TG048,0.9316089893135074,0.0006389256217305567,True,,True,1.0,-1.509903313490213e-14,False,False
TF014,TG050,0.6217214557282555,0.0009437617780327915,True,,True,1.0,-4.218847493575595e-15,False,False
TF014,TG051,0.7471329600667385,0.000532416265811619,True,9.357904,True,1.0,-1.5765166949677223e-14,False,False
TF014,TG054,0.7529892062610944,8.087611979063357e-05,True,,True,1.0,1.1324274851176597e-14,True,True
TF014,TG055,0.5456669226577857,0.0002464861105866321,True,,True,1.0,-7.327471962526033e-15,False,False
TF014,TG058,0.6172684561777241,7.119211503950476e-05,True,,True,1.0,-1.6653345369377348e-15,False,False
TF014,TG064,0.8170316692642026,0.00036752250935542677,True,,True,1.0,-1.3433698597964394e-14,False,False
TF014,TG066,0.7349093189563523,0.006071105739336319,True,,True,1.0,-2.886579864025407e-15,False,False
TF014,TG067,0.8234621933318481,0.00024590903515001614,True,,True,1.0,1.2323475573339238e-14,True,True
TF014,TG068,0.8743424766424829,0.0001855906385490149,True,70.932731,True,1.0,4.440892098500626e-16,True,True
TF014,TG070,0.8161138020555699,0.0004331785542201472,True,,True,1.0,-1.0880185641326534e-14,False,False
TF014,TG071,0.7573362197785688,0.00036170242097371735,True,,True,1.0,-8.43769498715119e-15,False,False
TF014,TG075,0.6910325923317652,0.00019628141139722632,True,,True,1.0,-4.551914400963142e-15,False,False
TF014,TG077,0.8570542425010292,0.00023346010784619967,True,,True,1.0,6.106226635438361e-15,True,True
TF014,TG078,0.7525459363461664,0.0005139582889428421,True,,True,1.0,-1.8318679906315083e-14,False,False
TF014,TG080,0.9278386370375244,0.0006940567066413348,True,,True,1.0,-2.120525977034049e-14,False,False
TF014,TG081,0.7393097431515318,0.012939090215064423,True,,True,1.0,-1.1657341758564144e-14,False,False
TF014,TG082,0.7214402903674668,0.00016748615875535449,True,,True,1.0,-1.2212453270876722e-15,False,False
TF014,TG083,0.9797305206829865,0.0006731374114573365,True,,True,1.0,-1.4765966227514582e-14,False,False
TF014,TG084,0.6390032953565455,0.00025681619150621804,True,,True,1.0,3.4416913763379853e-15,True,True
TF014,TG085,0.8489849588257576,0.00028587534613136163,True,,True,1.0,-9.880984919163893e-15,False,False
TF014,TG088,0.734866893125988,0.0003506891797179899,True,53.111054,True,1.0,1.099120794378905e-14,True,True
TF014,TG090,0.7613666905694123,0.0007345599068635854,True,,True,1.0,1.5765166949677223e-14,True,True
TF014,TG092,0.8050783858461658,8.762030406984446e-05,True,,True,1.0,-6.5503158452884236e-15,False,False
TF014,TG094,0.7024401540391115,0.00043491589702545383,True,,True,1.0,7.105427357601002e-15,True,True
TF014,TG096,0.7594330861351392,0.0005121579253420376,True,,True,1.0,1.354472090042691e-14,True,True
TF014,TG099,0.606234551765285,9.646819803386429e-05,True,42.644385,True,1.0,1.7763568394002505e-15,True,True
TF015,TG002,0.3627272379714885,0.0011601330484306402,True,,True,1.0,-5.440092820663267e-15,False,False
TF015,TG003,0.5963846940546393,0.0007032418756179894,True,,True,1.0,5.440092820663267e-15,True,True
TF015,TG004,0.41926655510775473,0.00021428510206551564,True,,True,1.0,-4.274358644806853e-15,False,False
TF015,TG007,0.448375336727551,0.0002578648846125736,True,,True,1.0,-3.164135620181696e-15,False,False
TF015,TG008,0.5935907745901049,0.0007390364880572107,True,,True,1.0,4.6629367034256575e-15,True,True
TF015,TG009,0.5016281908806319,0.0003477435650410777,True,,True,1.0,-4.9960036108132044e-15,False,False
TF015,TG013,0.7784854028177112,0.00023673883399994583,True,,True,1.0,-3.4416913763379853e-15,False,False
TF015,TG018,0.7048512518197976,0.00042496509191645483,True,,True,1.0,-7.771561172376096e-15,False,False
TF015,TG021,0.5031722790423587,0.0006323123881433387,True,62.069888,True,1.0,-1.2212453270876722e-15,False,False
TF015,TG026,0.3804532857799336,0.0003158754969657732,True,,True,1.0,-2.0539125955565396e-15,False,False
TF015,TG029,0.4412827759247682,2.5237281566360226e-05,True,,True,1.0,-4.9404924595819466e-15,False,False
TF015,TG033,0.49302369193254153,8.318283395530462e-05,True,,True,1.0,5.2735593669694936e-15,True,True
TF015,TG040,0.7384224995930595,0.00021850995102719385,True,,True,1.0,-9.547918011776346e-15,False,False
TF015,TG041,0.473115885285559,0.0001783195877983969,True,,True,1.0,5.10702591327572e-15,True,True
TF015,TG043,0.33593034458522925,0.0006606253914455954,True,,True,1.0,3.0531133177191805e-15,True,True
TF015,TG044,0.576241809073944,0.0004896307438321016,True,,True,1.0,-8.992806499463768e-15,False,False
TF015,TG045,0.6234949990944972,0.0011610802854062172,True,,True,1.0,1.1102230246251565e-16,True,True
TF015,TG047,0.37077192529482444,0.00028162146087597374,True,17.430558,True,1.0,-4.6074255521944e-15,False,False
TF015,TG048,0.7119126721996382,0.00011505323983193206,True,,True,1.0,-7.66053886991358e-15,False,False
TF015,TG049,0.5163477510086388,0.0003114371176100653,True,,True,1.0,-8.548717289613705e-15,False,False
TF015,TG051,0.5631504167665579,0.00012511970041712873,True,,True,1.0,-9.992007221626409e-15,False,False
TF015,TG054,0.5510590160589524,0.0005493171942965408,True,,True,1.0,-4.3298697960381105e-15,False,False
TF015,TG055,0.31870410664004645,0.00010601495282070827,True,10.978561,True,1.0,4.218847493575595e-15,True,True
TF015,TG056,0.6813426006705224,0.01653294901545251,True,,True,1.0,3.219646771412954e-15,True,True
TF015,TG057,0.28100774116131144,0.0001374255758258531,True,46.333737,True,1.0,-4.274358644806853e-15,False,False
TF015,TG059,0.5514551238079926,0.00043804591026655606,True,,True,1.0,1.1102230246251565e-16,True,True
TF015,TG060,0.6131683099046145,3.955617855539451e-05,True,,True,1.0,4.6629367034256575e-15,True,True
TF015,TG061,0.633572580068502,0.0010494106002560163,True,,True,1.0,-2.7755575615628914e-15,False,False
TF015,TG067,0.6027508523460456,0.0005604135690002874,True,19.886241,True,1.0,-2.4424906541753444e-15,False,False
TF015,TG069,0.3956601777670552,0.001614387710792561,True,,True,1.0,-3.552713678800501e-15,False,False
TF015,TG070,0.6107097678699835,0.000397691867652289,True,,True,1.0,5.773159728050814e-15,True,True
TF015,TG073,0.7205774577969665,0.003089728416043109,True,6.013451,True,1.0,1.9984014443252818e-15,True,True
TF015,TG074,0.20287859770446023,0.0009374122883713705,True,,True,1.0,3.1363800445660672e-15,True,True
TF015,TG078,0.48524962590835014,0.0006324732359573795,True,,True,1.0,-1.942890293094024e-15,False,False
TF015,TG079,0.3264176844037234,0.00014560091178994478,True,19.448613,True,1.0,-7.716050021144838e-15,False,False
TF015,TG080,0.721437564650132,0.0003218704933907492,True,11.278213,True,1.0,-1.865174681370263e-14,False,False
TF015,TG081,0.47196472581521487,0.0009439517536770707,True,,True,1.0,2.4424906541753444e-15,True,True
TF015,TG082,0.47200867919203565,0.0006834923551413159,True,,True,1.0,-1.8318679906315083e-15,False,False
TF015,TG086,0.569213058236118,0.0004980759205462283,True,,True,1.0,-7.327471962526033e-15,False,False
TF015,TG087,0.6276341108288135,0.0005984340798725016,True,,True,1.0,4.773959005888173e-15,True,True
TF015,TG088,0.49175389001087866,9.821372946995158e-05,True,,True,1.0,-7.049916206369744e-15,False,False
TF015,TG089,0.18912128048257235,0.00417215223981826,True,,True,1.0,3.524958103184872e-15,True,True
TF015,TG090,0.5010568461762629,9.654480553107521e-05,True,42.40276,True,1.0,-6.106226635438361e-15,False,False
TF015,TG092,0.5731374622963241,0.00026454276714074783,True,,True,1.0,-3.6637359812630166e-15,False,False
TF015,TG093,0.5126356560041508,0.0003350377448028567,True,,True,1.0,6.217248937900877e-15,True,True
TF015,TG094,0.43789419919051303,0.0011222398283412462,True,,True,1.0,2.7755575615628914e-15,True,True
TF015,TG095,0.683674623914017,1.4207774296101187e-05,True,,True,1.0,-1.6764367671839864e-14,False,False
TF015,TG097,0.5640454181137826,0.009648822367315272,True,,True,1.0,3.6637359812630166e-15,True,True
TF015,TG098,0.45072513476699005,0.0011696201522671307,True,,True,1.0,6.38378239159465e-15,True,True
TF015,TG099,0.361342303248041,0.0003413279314000915,True,,True,1.0,2.6645352591003757e-15,True,True
TF016,TG001,0.3471522624068817,0.00014261704045649985,True,28.242779,True,1.0,-4.3298697960381105e-15,False,False
TF016,TG002,0.18120633043000633,0.0005950154547972357,True,,True,1.0,2.914335439641036e-15,True,True
TF016,TG004,0.4484614822365407,0.012952522878216173,True,,True,1.0,-8.992806499463768e-15,False,False
TF016,TG005,0.23082498837959084,0.0017955142628863494,True,,True,1.0,-2.6922908347160046e-15,False,False
TF016,TG008,0.4300405136108235,2.129421574833412e-06,True,2.36828,True,1.0,-6.161737786669619e-15,False,False
TF016,TG009,0.3059445261999439,0.019399755581119445,True,,True,1.0,5.218048215738236e-15,True,True
TF016,TG014,0.1728620551649484,0.01857912376009515,True,,True,1.0,1.582067810090848e-15,True,True
TF016,TG015,0.0523569346410552,0.054216755331218024,True,,True,1.0,8.534839501805891e-16,True,True
TF016,TG016,0.5063135964654699,0.00040079656818916486,True,,True,1.0,-4.107825191113079e-15,False,False
TF016,TG017,0.35022454724323054,0.000502012302842881,True,,True,1.0,-2.831068712794149e-15,False,False
TF016,TG018,0.5770823234307456,0.0004620370747271277,True,,True,1.0,-1.4654943925052066e-14,False,False
TF016,TG022,0.5037885956566686,0.00018295471475802678,True,31.123533,True,1.0,5.773159728050814e-15,True,True
TF016,TG026,0.2276928876887277,0.0014902705849396164,True,31.586643,True,1.0,-3.191891195797325e-15,False,False
TF016,TG028,0.2616080322258034,0.0014032912155502572,True,,True,1.0,-3.497202527569243e-15,False,False
TF016,TG031,0.1317717662466864,0.0005930719869822942,True,,True,1.0,1.942890293094024e-16,True,True
TF016,TG032,0.3328176757072746,0.0001475895306509078,True,,True,1.0,1.1379786002407855e-14,True,True
TF016,TG035,0.229045931178026,1.8205752100262646e-05,True,,True,1.0,-1.3877787807814457e-16,True,True
TF016,TG038,0.10235646197483694,0.06882095021359344,True,,True,1.0,9.43689570931383e-16,True,True
TF016,TG039,0.24895416285293379,0.00022906695895274877,True,,True,1.0,-3.1086244689504383e-15,False,False
TF016,TG040,0.5556315438240741,0.0008076782415517259,True,,True,1.0,-3.9968028886505635e-15,False,False
TF016,TG042,0.2921103477973148,0.0001480913376292149,True,,True,1.0,-2.275957200481571e-15,False,False
TF016,TG044,0.42358036047631503,0.00017960764210102036,True,32.384839,True,1.0,3.608224830031759e-15,True,True
TF016,TG046,0.39379981697403416,0.0009774549448368253,True,,True,1.0,7.327471962526033e-15,True,True
TF016,TG047,0.20061395463522685,0.001840310507636259,True,,True,1.0,-2.6922908347160046e-15,False,False
TF016,TG048,0.5254762313256133,0.00020000804038901776,True,44.047142,True,1.0,-9.325873406851315e-15,False,False
TF016,TG050,0.2548801733440621,0.008770932711986201,True,,True,1.0,4.6629367034256575e-15,True,True
TF016,TG051,0.15521481727011055,0.08340014287801768,True,,True,1.0,-2.4147350785597155e-15,False,False
TF016,TG052,0.26594874928295503,0.004700544839463566,True,,True,1.0,-4.440892098500626e-16,False,False
TF016,TG054,0.3544233221945903,0.00043780335813876225,True,,True,1.0,8.382183835919932e-15,True,True
TF016,TG058,0.2074599778164345,0.0019010409634919803,True,,True,1.0,-3.164135620181696e-15,False,False
TF016,TG064,0.40931611283027847,0.0004758525597394296,True,10.123917,True,1.0,5.717648576819556e-15,True,True
TF016,TG065,0.3450914163681614,0.00117982172058067,True,,True,1.0,1.7208456881689926e-15,True,True
TF016,TG066,0.3510764732788143,0.00023398526025937794,True,,True,1.0,-1.1657341758564144e-15,False,False
TF016,TG068,0.4547277820187507,4.779309627176729e-06,True,,True,1.0,-8.604228440844963e-15,False,False
TF016,TG070,0.43384959906202236,9.237300607857818e-06,True,,True,1.0,4.829470157119431e-15,True,True
TF016,TG073,0.5407720303217413,0.0009351476926318007,True,,True,1.0,-8.548717289613705e-15,False,False
TF016,TG076,0.5423718358454561,0.00048053982808128897,True,,True,1.0,-4.773959005888173e-15,False,False
TF016,TG077,0.4448711778132028,0.0004653032022150838,True,,True,1.0,5.6066262743570405e-15,True,True
TF016,TG080,0.5282113923098708,0.00021850692612381944,True,,True,1.0,1.5543122344752192e-15,True,True
TF016,TG081,0.3204747089847219,1.0032965825545115e-05,True,30.340695,True,1.0,-1.942890293094024e-15,False,False
TF016,TG084,0.26919205635359733,0.0001023010015267779,True,,True,1.0,-3.497202527569243e-15,False,False
TF016,TG088,0.37158821188693175,6.596382326788097e-05,True,,True,1.0,-6.772360450213455e-15,False,False
TF016,TG090,0.3459509635663922,0.00014161712609104927,True,,True,1.0,-2.3314683517128287e-15,False,False
TF016,TG096,0.36580022170051785,0.0006155373795320505,True,,True,1.0,3.7192471324942744e-15,True,True
TF017,TG002,0.4275424319548016,0.0006308460318469763,True,,True,1.0,-3.2751579226442118e-15,False,False
TF017,TG004,0.47686344965402894,0.00010926679635643951,True,,True,1.0,-9.603429163007604e-15,False,False
TF017,TG005,0.46127482410445225,0.0001091024904029182,True,,True,1.0,-5.88418203051333e-15,False,False
TF017,TG006,0.5277745959448493,0.00016844425487571742,True,,True,1.0,5.218048215738236e-15,True,True
TF017,TG007,0.5104381850139549,0.0013310103843526286,True,,True,1.0,-1.509903313490213e-14,False,False
TF017,TG009,0.5403686952167319,0.0007191192918988163,True,,True,1.0,-1.0103029524088925e-14,False,False
TF017,TG010,0.5933491400466121,0.0014649896622886502,True,53.994783,True,1.0,1.0325074129013956e-14,True,True
TF017,TG011,0.34268099290701626,1.3432616558148896e-05,True,,True,1.0,4.884981308350689e-15,True,True
TF017,TG014,0.43994229640010685,0.0001904135199952513,True,,True,1.0,4.9960036108132044e-15,True,True
TF017,TG015,0.24301183935641182,0.0024345826283798276,True,,True,1.0,1.7208456881689926e-15,True,True
TF017,TG016,0.7204510514543203,0.0008090901829598272,True,,True,1.0,-1.7763568394002505e-14,False,False
TF017,TG019,0.5513797352181293,0.00019142898331662517,True,,True,1.0,6.8833827526759706e-15,True,True
TF017,TG020,0.7386586557722254,0.0002682277648000421,True,,True,1.0,-2.4424906541753444e-15,False,False
TF017,TG021,0.5531490767876208,0.0008054279066053797,True,,True,1.0,9.992007221626409e-16,True,True
TF017,TG024,0.44931786382275146,0.00020624221108260504,True,,True,1.0,1.9984014443252818e-15,True,True
TF017,TG026,0.42264098645840276,0.00014611139495720218,True,61.119882,True,1.0,-5.828670879282072e-15,False,False
TF017,TG030,0.47962457675453996,0.00033743897980846,True,,True,1.0,5.828670879282072e-15,True,True
TF017,TG032,0.5609053235144953,0.0008552239982292044,True,,True,1.0,1.2656542480726785e-14,True,True
TF017,TG035,0.47501640392165684,0.00022121652042218665,True,,True,1.0,-4.829470157119431e-15,False,False
TF017,TG036,0.7280682580676383,6.462422829188683e-05,True,,True,1.0,-1.0658141036401503e-14,False,False
TF017,TG037,0.5384119329909968,0.00017447636866685907,True,,True,1.0,2.220446049250313e-15,True,True
TF017,TG039,0.4647827416779359,0.0003050979677183502,True,,True,1.0,-4.996003610813204e-16,False,False
TF017,TG040,0.7600311538443523,0.00011651935809936833,True,,True,1.0,-6.106226635438361e-15,False,False
TF017,TG041,0.49725476347489933,0.0008662066677068263,True,,True,1.0,-4.107825191113079e-15,False,False
TF017,TG045,0.6560098204293178,0.00010298060254657327,True,,True,1.0,1.787459069646502e-14,True,True
TF017,TG047,0.5033689917438524,0.01193722646223053,True,,True,1.0,-2.4424906541753444e-15,False,False
TF017,TG048,0.7601879446324559,0.0004517953011177867,True,73.580381,True,1.0,1.4876988529977098e-14,True,True
TF017,TG049,0.5676476491945357,6.0601077057408905e-06,True,,True,1.0,-7.216449660063518e-15,False,False
TF017,TG050,0.43880564524179066,3.3180648779655905e-05,True,,True,1.0,-8.271161533457416e-15,False,False
TF017,TG052,0.4496491650189335,0.0005402993772440763,True,,True,1.0,8.326672684688674e-15,True,True
TF017,TG053,0.4081088686762899,0.0001933457179565868,True,,True,1.0,5.495603971894525e-15,True,True
TF017,TG055,0.3819762208643076,2.617620382235727e-05,True,,True,1.0,-6.439293542825908e-15,False,False
TF017,TG058,0.4347707538631649,0.00024090793586109996,True,,True,1.0,-7.049916206369744e-15,False,False
TF017,TG059,0.576566213863943,0.00016133429728021632,True,,True,1.0,-1.3877787807814457e-14,False,False
TF017,TG060,0.6406063466892468,0.0005450593959545288,True,,True,1.0,-5.551115123125783e-15,False,False
TF017,TG061,0.7053545739309582,4.04319298240371e-06,True,,True,1.0,2.3314683517128287e-15,True,True
TF017,TG063,0.4909951229858031,0.00044678308677518135,True,,True,1.0,-2.1649348980190553e-15,False,False
TF017,TG068,0.6888671700619987,0.0005923316260269954,True,,True,1.0,-1.4099832412739488e-14,False,False
TF017,TG071,0.5978992931167773,0.00020429790018288772,True,,True,1.0,-4.6629367034256575e-15,False,False
TF017,TG073,0.7658231716966043,4.77190803529786e-05,True,,True,1.0,-8.104628079763643e-15,False,False
TF017,TG074,0.23550713059915523,0.00011932515710502696,True,,True,1.0,-3.1363800445660672e-15,False,False
TF017,TG081,0.5577879062998039,0.0012821710774912336,True,0.807456,False,1.0,3.1086244689504383e-15,True,False
TF017,TG082,0.5359613397840209,0.00035962037426274504,True,,True,1.0,1.8984813721090177e-14,True,True
TF017,TG083,0.7919406370223799,0.0005259053325633809,True,,True,1.0,-3.019806626980426e-14,False,False
TF017,TG085,0.6409534800566257,0.0007119459653006343,True,,True,1.0,1.9984014443252818e-15,True,True
TF017,TG086,0.5786539894194584,0.0007073410606114845,True,,True,1.0,-2.7755575615628914e-15,False,False
TF017,TG087,0.6599913253223983,0.0002734043133963422,True,,True,1.0,8.881784197001252e-15,True,True
TF017,TG088,0.5304034328772599,0.0009916190872609769,True,,True,1.0,-7.993605777301127e-15,False,False
TF017,TG089,0.25148556027284086,0.00047709101437151766,True,,True,1.0,4.996003610813204e-16,True,True
TF017,TG090,0.5642921879842714,0.0003257008481857987,True,,True,1.0,-5.551115123125783e-15,False,False
TF017,TG093,0.6190840358576598,0.008539096425425623,True,16.910543,True,1.0,-6.439293542825908e-15,False,False
TF017,TG095,0.7519584394012971,0.0005019775012611638,True,55.725213,True,1.0,1.2212453270876722e-14,True,True
TF017,TG096,0.559016100798019,0.0002218517992818318,True,,True,1.0,4.3298697960381105e-15,True,True
TF017,TG098,0.5354833972661863,0.000587494166642369,True,,True,1.0,-3.3306690738754696e-15,False,False
TF017,TG099,0.5107755985703134,0.001601948813130346,True,,True,1.0,1.9984014443252818e-15,True,True
TF018,TG000,0.3706266495574126,0.00025290219630102356,True,,True,1.0,-3.9968028886505635e-15,False,False
TF018,TG003,0.3941827523430316,0.0009275734199436579,True,,True,1.0,-1.5543122344752192e-15,False,False
TF018,TG005,0.22874544659337773,0.0006391988376446304,True,,True,1.0,5.6343818499726694e-15,True,True
TF018,TG007,0.3123830016332364,0.03667203438367716,True,,True,1.0,5.551115123125783e-17,True,True
TF018,TG009,0.34048597933322516,0.0012337125372231439,True,,True,1.0,2.1094237467877974e-15,True,True
TF018,TG011,0.06477189732082062,0.000475725134513032,True,,True,1.0,1.6375789613221059e-15,True,True
TF018,TG015,0.022203229230221073,0.009476267280233812,True,49.895017,True,1.0,-3.920475055707584e-16,False,False
TF018,TG016,0.46360512896964756,3.4214154761288394e-05,True,,True,1.0,-1.326716514427062e-14,False,False
TF018,TG018,0.5056339267139862,0.00031491608961996747,True,,True,1.0,-6.328271240363392e-15,False,False
TF018,TG019,0.29409670378021263,0.00047287148401901387,True,,True,1.0,1.1102230246251565e-16,True,True
TF018,TG021,0.3038278801770174,0.0010250479103035455,True,,True,1.0,-6.106226635438361e-16,False,False
TF018,TG022,0.4689719581707262,0.0012010270894253076,True,,True,1.0,1.099120794378905e-14,True,True
TF018,TG023,0.34417862408431316,0.0003472454609499374,True,,True,1.0,6.161737786669619e-15,True,True
TF018,TG024,0.21912390465752404,0.0038841566641050263,True,,True,1.0,1.4988010832439613e-15,True,True
TF018,TG026,0.16226749351091782,0.0002542905415044333,True,,True,1.0,1.1379786002407855e-15,True,True
TF018,TG027,0.2849421730420418,8.313726079318766e-05,True,,True,1.0,-5.662137425588298e-15,False,False
TF018,TG029,0.24701059695515312,0.0003613215119644892,True,,True,1.0,-3.164135620181696e-15,False,False
TF018,TG031,0.11480913837141506,0.0014284222861634807,True,,True,1.0,1.2212453270876722e-15,True,True
TF018,TG032,0.29162943149393444,0.00016277341745037305,True,,True,1.0,-8.715250743307479e-15,False,False
TF018,TG033,0.33484088171570886,8.28587709334534e-05,True,,True,1.0,2.1094237467877974e-15,True,True
TF018,TG034,0.405630055029661,0.012747478136582937,True,,True,1.0,5.88418203051333e-15,True,True
TF018,TG035,0.19277722409859932,0.0026713875715316943,True,22.63546,True,1.0,-1.6653345369377348e-16,True,True
TF018,TG036,0.4509009406253633,0.00021606395776549333,True,,True,1.0,-1.0880185641326534e-14,False,False
TF018,TG037,0.31424254391711676,0.0008978725491660626,True,48.112326,True,1.0,-8.326672684688674e-16,False,False
TF018,TG038,0.011530493762439642,0.05640142357770381,True,,True,1.0,1.7867651802561113e-16,True,True
TF018,TG039,0.22413122665031457,0.0018142785667282512,True,45.854357,True,1.0,-7.216449660063518e-15,False,False
TF018,TG040,0.5333977373192363,5.497544080643517e-05,True,,True,1.0,1.6653345369377348e-15,True,True
TF018,TG046,0.34605738101997646,0.0004951271954310507,True,,True,1.0,-8.770761894538737e-15,False,False
TF018,TG050,0.18649850246481814,9.453935331473367e-05,True,,True,1.0,2.609024107869118e-15,True,True
TF018,TG051,0.3426740703681079,0.0013907986750661908,True,47.859918,True,1.0,2.831068712794149e-15,True,True
TF018,TG055,0.10339243180737016,6.15938516900382e-05,True,,True,1.0,1.8041124150158794e-15,True,True
TF018,TG056,0.46804481107107826,0.00010218888785662579,True,,True,1.0,-2.831068712794149e-15,False,False
TF018,TG057,0.13417930472185896,0.004235668603725782,True,,True,1.0,1.0824674490095276e-15,True,True
TF018,TG059,0.3432348325937012,0.0008049093342436754,True,,True,1.0,6.994405055138486e-15,True,True
TF018,TG062,0.2226814178946977,0.000892867895703818,True,,True,1.0,-3.885780586188048e-16,False,False
TF018,TG063,0.2637597985528912,0.0016835806810491898,True,,True,1.0,4.218847493575595e-15,True,True
TF018,TG065,0.28983520151844533,0.001048004936334181,True,,True,1.0,-9.43689570931383e-16,False,False
TF018,TG066,0.3061154596327571,0.0006850980368771348,True,,True,1.0,-1.1102230246251565e-15,False,False
TF018,TG067,0.3886587261259705,0.0006934919732296793,True,,True,1.0,-7.271960811294775e-15,False,False
TF018,TG068,0.45584774285242097,0.0008078324942823187,True,32.430717,True,1.0,-5.10702591327572e-15,False,False
TF018,TG073,0.5331327504456604,0.00017519643340373965,True,,True,1.0,-1.7763568394002505e-15,False,False
TF018,TG074,0.0027135819090591128,0.027002082617563455,True,,True,1.0,-1.2576745200831851e-17,True,True
TF018,TG075,0.2562902815751073,0.0010577582379664337,True,,True,1.0,2.4980018054066022e-15,True,True
TF018,TG076,0.472758725414969,0.0003004703673711401,True,,True,1.0,3.3861802251067274e-15,True,True
TF018,TG078,0.33033848502553564,0.00024950572149778216,True,,True,1.0,-9.2148511043888e-15,False,False
TF018,TG083,0.5433925638017602,0.008352971107049339,True,,True,1.0,7.66053886991358e-15,True,True
TF018,TG084,0.2131245516575027,6.728287023707264e-05,True,,True,1.0,1.5265566588595902e-15,True,True
TF018,TG086,0.34228752027673703,0.0001420244485468587,True,5.212102,True,1.0,5.384581669432009e-15,True,True
TF018,TG090,0.30524945870508674,0.0005611670925305199,True,,True,1.0,5.551115123125783e-15,True,True
TF018,TG094,0.2829550344099516,0.0005347110341883127,True,,True,1.0,0.0,True,True
TF018,TG095,0.4995430467864197,0.0007901601180969511,True,,True,1.0,2.9976021664879227e-15,True,True
TF018,TG097,0.3477887156607182,0.0007259988954051725,True,,True,1.0,-5.10702591327572e-15,False,False
TF018,TG098,0.27374478754032805,0.0016283375099988401,True,,True,1.0,1.4432899320127035e-15,True,True
TF019,TG001,0.5689906674560591,0.0002803883608731429,True,,True,1.0,1.7763568394002505e-15,True,True
TF019,TG002,0.45010559483117,0.00014303798216350354,True,,True,1.0,6.38378239159465e-15,True,True
TF019,TG007,0.5049632388888116,0.00013628773773779887,True,29.535031,True,1.0,-5.440092820663267e-15,False,False
TF019,TG009,0.5827055057054453,0.0003323549552759714,True,,True,1.0,-6.5503158452884236e-15,False,False
TF019,TG010,0.5921377075273568,0.00048467014009384823,True,,True,1.0,8.548717289613705e-15,True,True
TF019,TG011,0.3618040301735567,0.0010192911968748095,True,,True,1.0,4.718447854656915e-15,True,True
TF019,TG015,0.26274263002915016,0.0012219848848076345,True,,True,1.0,-1.4988010832439613e-15,False,False
TF019,TG017,0.5880426822438787,0.0007642013147436272,True,,True,1.0,4.218847493575595e-15,True,True
TF019,TG020,0.7608027880031895,9.77108988204509e-05,True,39.218753,True,1.0,1.2878587085651816e-14,True,True
TF019,TG021,0.5694943915538714,0.0002130980578764236,True,,True,1.0,7.327471962526033e-15,True,True
TF019,TG022,0.7365673708691022,0.00023356206327889212,True,,True,1.0,-7.66053886991358e-15,False,False
TF019,TG023,0.5811678518052497,3.284510178715755e-05,True,,True,1.0,-1.354472090042691e-14,False,False
TF019,TG027,0.5515925372827112,0.00048827027067880095,True,,True,1.0,-3.219646771412954e-15,False,False
TF019,TG028,0.5162128002120503,0.0001137217229294306,True,,True,1.0,4.884981308350689e-15,True,True
TF019,TG031,0.35189884957532647,6.551432575083609e-05,True,,True,1.0,4.385380947269368e-15,True,True
TF019,TG032,0.5408014957359798,0.00015537721530346188,True,,True,1.0,-8.659739592076221e-15,False,False
TF019,TG035,0.47077308892495884,0.0001624933324348436,True,,True,1.0,6.328271240363392e-15,True,True
TF019,TG036,0.7331017107248156,0.0004194231171526435,True,,True,1.0,-2.9976021664879227e-15,False,False
TF019,TG039,0.4692246566348975,0.0007976261628373664,True,,True,1.0,1.0047518372857667e-14,True,True
TF019,TG040,0.8109655077649122,0.00207333073594709,True,61.408124,True,1.0,1.0769163338864018e-14,True,True
TF019,TG041,0.5102603521702423,0.0007735745623948305,True,,True,1.0,4.773959005888173e-15,True,True
TF019,TG043,0.42196458187524366,0.0005538059447326727,True,33.103725,True,1.0,4.829470157119431e-15,True,True
TF019,TG045,0.6963869580479596,0.0009476420548369024,True,,True,1.0,-1.9984014443252818e-15,False,False
TF019,TG047,0.40111314556433847,0.000886693198846082,True,,True,1.0,-8.93729534823251e-15,False,False
TF019,TG052,0.4769683472578477,0.0004487528238084715,True,,True,1.0,-3.774758283725532e-15,False,False
TF019,TG054,0.5922276211101283,0.0045052830903579725,True,,True,1.0,-1.887379141862766e-15,False,False
TF019,TG056,0.7353359358176923,0.0003052656075989315,True,62.4021,True,1.0,-1.0658141036401503e-14,False,False
TF019,TG057,0.3741453609976816,1.0595507650944926e-05,True,,True,1.0,-3.497202527569243e-15,False,False
TF019,TG063,0.501832841447215,0.00023273786812239602,True,,True,1.0,5.329070518200751e-15,True,True
TF019,TG075,0.617761507772225,0.00435965327249673,True,,True,1.0,-3.885780586188048e-15,False,False
TF019,TG077,0.7229019620153554,0.00018750091127759148,True,,True,1.0,3.4416913763379853e-15,True,True
TF019,TG082,0.5442033014566954,5.810546916514892e-05,True,6.518389,True,1.0,-1.27675647831893e-14,False,False
TF019,TG084,0.48254267355760677,3.2850379762213144e-05,True,,True,1.0,-1.0547118733938987e-15,False,False
TF019,TG085,0.6620141249363204,0.00010783571742698222,True,8.424967,True,1.0,2.220446049250313e-16,True,True
TF019,TG090,0.6066486170108629,0.00043746829253907954,True,,True,1.0,-8.881784197001252e-16,False,False
TF019,TG091,0.6631151460510937,0.000862936164583291,True,,True,1.0,-3.1086244689504383e-15,False,False
TF019,TG092,0.6602725122696421,0.0001483566887190434,True,,True,1.0,2.6645352591003757e-15,True,True
TF019,TG093,0.5629778515559563,0.00032166114389030944,True,,True,1.0,-1.1102230246251565e-16,True,True
TF019,TG097,0.6091017429465881,6.406660993104972e-05,True,,True,1.0,1.1879386363489175e-14,True,True
TF019,TG099,0.4443660474198049,5.4412637567917284e-05,True,,True,1.0,-4.996003610813204e-16,False,False
